Bank,Nominell,Etabl.gebyr,Termingebyr,Depotgebyr,Maks belåningsgrad,Maks løpetid,Min Alder,Max Alder
Oppdalsbanken,5.65,2800.0,55.0,1200.0,50.0,30,18,100
Romsdal Sparebank,5.3,0,65.0,1000.0,90.0,30,18,100
Oppdalsbanken,6.1,2800.0,55.0,1200.0,75.0,30,18,100
SpareBank 1 Sør-Norg...,6.09,3200.0,60.0,0.0,75.0,30,18,100
Oppdalsbanken,5.75,2800.0,55.0,1200.0,90.0,30,18,33
Romsdal Sparebank,5.4,0,65.0,1000.0,90.0,30,18,33
JBF Bank og Forsikri...,5.38,3200.0,65.0,1000.0,90.0,30,18,33
Soknedal Sparebank,6.2,0,60.0,0,85.0,30,18,100
Haugesund Sparebank,6.25,0,50.0,1000.0,75.0,30,18,100
Hegra Sparebank,9.65,4000.0,0.0,0.0,85.0,2,18,100
Hegra Sparebank,6.5,4000.0,70.0,0.0,60.0,30,18,100
JBF Bank og Forsikri...,5.6,3200.0,65.0,1000.0,75.0,30,18,100
Sparebanken Møre,5.09,2500.0,75.0,1000.0,75.0,30,18,100
JBF Bank og Forsikri...,5.59,3200.0,65.0,1000.0,60.0,30,18,100
Jæren Sparebank,5.54,0,70.0,0,75.0,25,18,100
Sparebanken Møre,4.99,2500.0,75.0,1000.0,75.0,30,18,100
Jæren Sparebank,6.2,0,70.0,0.0,60.0,25,18,100
Berg Sparebank,5.64,3000.0,50.0,1000.0,60.0,25,18,100
SpareBank 1 Ringerik...,5.94,2000.0,50.0,1000.0,90.0,25,34,100
Tolga-Os Sparebank,7.5,2500.0,60.0,1000.0,80.0,2,18,100
Tolga-Os Sparebank,6.5,2500.0,65.0,1000.0,60.0,35,18,100
Berg Sparebank,5.74,3000.0,50.0,1000.0,90.0,30,18,100
Berg Sparebank,5.54,3000.0,50.0,1000.0,75.0,30,18,100
Birkenes Sparebank,5.75,2000.0,50.0,750.0,90.0,30,18,34
Birkenes Sparebank,7.7,2000.0,50.0,750.0,90.0,2,18,100
"NORDEA BANK ABP, FIL...",5.44,0.0,65.0,0.0,90.0,30,18,39
SpareBank 1 Sør-Norg...,5.54,3200.0,60.0,0,90.0,30,18,99
SpareBank 1 Nord-Nor...,5.08,4000.0,65.0,1300.0,75.0,30,18,100
"NORDEA BANK ABP, FIL...",5.44,0.0,65.0,0.0,90.0,30,18,33
SpareBank 1 Nord-Nor...,5.04,4000.0,65.0,1300.0,75.0,30,18,100
Hegra Sparebank,6.7,4000.0,50.0,0.0,85.0,30,18,100
Sparebanken Øst,5.99,0.0,75.0,0.0,85.0,30,18,100
Sparebanken Øst,5.99,0.0,75.0,0.0,85.0,30,18,100
Sparebanken Øst,6.04,0.0,100.0,0.0,60.0,25,18,100
Sparebanken Øst,6.04,0.0,100.0,0.0,60.0,25,18,100
SpareBank 1 Nord-Nor...,5.14,4000.0,65.0,1300.0,75.0,30,18,100
Rogaland Sparebank,6.19,0,65.0,0,85.0,30,18,100
Rogaland Sparebank,5.29,0.0,65.0,0.0,55.0,30,18,100
Rindal Sparebank,6.2,3000.0,50.0,0.0,75.0,30,18,100
SpareBank 1 Sør-Norg...,6.09,3200.0,70.0,0,60.0,30,18,100
JBF Bank og Forsikri...,5.59,3200.0,65.0,1000.0,60.0,30,18,100
Sparebanken Sør,5.45,2500.0,65.0,1000.0,85.0,30,18,33
Rogaland Sparebank,5.49,0.0,65.0,0.0,85.0,30,18,100
Rogaland Sparebank,5.79,0.0,90.0,0.0,60.0,30,18,100
Oppdalsbanken,5.65,2800.0,0.0,1200.0,60.0,30,18,100
JBF Bank og Forsikri...,5.6,3200.0,65.0,1000.0,75.0,30,18,100
Rogaland Sparebank,5.29,0.0,65.0,0,90.0,30,18,100
Rogaland Sparebank,5.49,0.0,65.0,0,90.0,30,18,33
Rogaland Sparebank,5.99,0.0,65.0,0.0,75.0,30,18,100
Oppdalsbanken,5.35,2800.0,55.0,1200.0,75.0,30,18,100
Sparebanken Møre,5.44,2500.0,75.0,1000.0,85.0,30,18,33
Oppdalsbanken,5.45,2800.0,55.0,1200.0,90.0,30,18,100
Sparebanken Møre,5.39,2500.0,75.0,1000.0,85.0,30,18,33
Oppdalsbanken,6.2,2800.0,55.0,1200.0,90.0,30,18,100
Oppdalsbanken,5.2,2800.0,55.0,1200.0,50.0,30,18,100
SpareBank 1 Sør-Norg...,5.84,3200.0,60.0,0,90.0,30,18,33
Sparebanken Møre,5.39,2500.0,75.0,1000.0,85.0,30,18,100
SpareBank 1 Sør-Norg...,5.44,0.0,60.0,0,85.0,30,18,100
"NORDEA BANK ABP, FIL...",5.04,3500.0,65.0,0,90.0,30,18,33
"NORDEA BANK ABP, FIL...",5.69,0.0,70.0,0.0,60.0,40,18,100
"NORDEA BANK ABP, FIL...",5.7,0.0,50.0,0.0,75.0,30,18,100
"NORDEA BANK ABP, FIL...",5.5,0.0,50.0,0.0,60.0,30,18,100
"NORDEA BANK ABP, FIL...",5.19,3500.0,65.0,0,90.0,30,18,100
Kvinesdal Sparebank,5.64,2500.0,50.0,500.0,75.0,25,18,100
"NORDEA BANK ABP, FIL...",6.05,0.0,70.0,0.0,60.0,40,18,100
Grong Sparebank,5.6,0,65.0,1200.0,90.0,30,18,100
"NORDEA BANK ABP, FIL...",5.95,0.0,50.0,0.0,75.0,30,18,100
"NORDEA BANK ABP, FIL...",5.09,3500.0,65.0,0,90.0,30,18,100
"NORDEA BANK ABP, FIL...",5.95,0.0,50.0,0.0,50.0,30,18,100
SpareBank 1 Sør-Norg...,5.44,0.0,60.0,0,75.0,30,18,100
"NORDEA BANK ABP, FIL...",5.04,3500.0,65.0,0,90.0,30,18,100
Grong Sparebank,5.59,0,65.0,1200.0,90.0,30,18,33
Voss Sparebank,5.19,0,50.0,0.0,90.0,30,18,33
SpareBank 1 Sør-Norg...,5.89,0.0,70.0,0.0,60.0,30,18,100
Grong Sparebank,5.6,0,65.0,1200.0,90.0,30,18,100
Rindal Sparebank,5.25,3000.0,50.0,0.0,75.0,30,18,100
SpareBank 1 SMN,7.74,5000.0,0.0,1200.0,85.0,5,18,100
Grong Sparebank,5.84,0,65.0,1200.0,90.0,30,18,33
Haugesund Sparebank,6.15,0,50.0,1000.0,60.0,20,18,100
Jæren Sparebank,8.9,5000.0,0.0,0,85.0,2,18,100
Grue Sparebank,6.85,3000.0,0.0,0.0,60.0,30,18,100
SpareBank 1 Sør-Norg...,6.09,0.0,60.0,0,85.0,30,18,
DinBANK.no(Sparebank...,5.82,0.0,0.0,0.0,50.0,25,18,100
Haltdalen Sparebank,5.55,4000.0,60.0,0,85.0,35,18,33
DinBANK.no(Sparebank...,6.39,0.0,0.0,0.0,60.0,25,18,100
Soknedal Sparebank,5.9,5000.0,60.0,0,75.0,25,18,100
Birkenes Sparebank,5.4,2000.0,50.0,750.0,75.0,30,18,100
Rørosbanken Røros Sp...,6.95,2950.0,65.0,900.0,90.0,30,18,100
Haltdalen Sparebank,5.7,4000.0,75.0,0,60.0,30,18,100
Grue Sparebank,6.85,3000.0,50.0,0.0,60.0,30,18,100
Rindal Sparebank,6.35,3000.0,50.0,0.0,60.0,30,18,100
Soknedal Sparebank,5.7,3000.0,0.0,0,60.0,30,18,100
Birkenes Sparebank,6.05,2000.0,50.0,750.0,90.0,30,18,100
Rørosbanken Røros Sp...,5.7,2950.0,65.0,0,90.0,30,18,33
Haltdalen Sparebank,5.55,4000.0,60.0,0,85.0,35,18,33
Rindal Sparebank,5.75,3000.0,50.0,0.0,90.0,30,18,33
Birkenes Sparebank,5.9,2000.0,50.0,750.0,60.0,30,18,100
Birkenes Sparebank,5.5,2000.0,50.0,750.0,85.0,30,18,34
Rørosbanken Røros Sp...,5.49,2950.0,65.0,0.0,90.0,30,18,33
Haltdalen Sparebank,5.55,4000.0,60.0,0,85.0,35,34,100
Nidaros Sparebank,5.99,0,60.0,2000.0,90.0,30,18,100
DinBANK.no(Sparebank...,6.19,0.0,0.0,0.0,50.0,30,18,100
Valdres Sparebank,5.8,2000.0,50.0,750.0,90.0,30,18,100
Nidaros Sparebank,5.59,0,60.0,2000.0,90.0,30,18,33
OBOS-banken AS,5.05,2800.0,35.0,0,75.0,30,18,100
OBOS-banken AS,4.95,2800.0,35.0,0,75.0,30,18,100
DinBANK.no(Sparebank...,6.39,0.0,0.0,0.0,75.0,30,18,100
Marker & Eidsberg Sp...,5.8,2000.0,0.0,1000.0,60.0,25,18,100
"NORDEA BANK ABP, FIL...",5.09,3500.0,65.0,0,90.0,30,18,33
Marker & Eidsberg Sp...,5.49,2000.0,50.0,1000.0,90.0,30,18,100
"NORDEA BANK ABP, FIL...",5.14,3500.0,65.0,0,90.0,30,18,100
Nidaros Sparebank,5.39,0,60.0,2000.0,90.0,30,18,33
Marker & Eidsberg Sp...,5.65,2000.0,50.0,1000.0,60.0,25,18,100
"NORDEA BANK ABP, FIL...",5.09,3500.0,65.0,0,90.0,30,18,100
Marker & Eidsberg Sp...,5.7,2000.0,50.0,1000.0,90.0,30,18,100
SpareBank 1 SMN,6.34,2650.0,65.0,1200.0,75.0,30,18,100
Rindal Sparebank,5.25,3000.0,50.0,0.0,85.0,30,18,100
Marker & Eidsberg Sp...,8.95,3000.0,0.0,0.0,90.0,2,18,100
SpareBank 1 SMN,5.64,2650.0,65.0,1200.0,50.0,30,18,100
"NORDEA BANK ABP, FIL...",5.14,3500.0,65.0,0,90.0,30,18,33
Marker & Eidsberg Sp...,5.24,2000.0,50.0,1000.0,85.0,25,18,33
SpareBank 1 SMN,6.74,5000.0,0.0,1200.0,85.0,5,18,100
"NORDEA BANK ABP, FIL...",5.69,0.0,70.0,0.0,60.0,40,18,100
"NORDEA BANK ABP, FIL...",5.7,0.0,50.0,0.0,75.0,30,18,100
Rindal Sparebank,5.25,3000.0,50.0,0.0,90.0,30,18,33
"NORDEA BANK ABP, FIL...",5.5,0.0,50.0,0.0,60.0,30,18,100
"NORDEA BANK ABP, FIL...",5.14,3500.0,65.0,0,90.0,30,18,100
Evje og Hornnes Spar...,6.0,0,60.0,1000.0,90.0,30,18,33
Melhusbanken,6.15,0,75.0,1000.0,60.0,30,18,100
BONORD (DNB),5.89,0.0,65.0,0.0,100.0,1,18,100
"NORDEA BANK ABP, FIL...",5.09,0.0,50.0,0.0,90.0,30,18,100
Melhusbanken,6.45,0,50.0,1000.0,75.0,30,18,100
BONORD (DNB),5.93,0.0,65.0,0.0,60.0,30,18,100
SpareBank 1 SMN,5.64,2650.0,65.0,1200.0,85.0,30,18,100
Landkreditt Bank AS,6.5,0.0,0.0,500.0,75.0,2,18,99
BONORD (DNB),5.48,0.0,65.0,0.0,90.0,30,18,33
Soknedal Sparebank,5.5,0,60.0,0,75.0,30,18,33
"NORDEA BANK ABP, FIL...",5.14,0.0,50.0,0.0,90.0,30,18,100
BONORD (DNB),5.49,0.0,65.0,0.0,90.0,30,18,100
Melhusbanken,5.69,0,50.0,1000.0,50.0,30,18,100
SpareBank 1 SMN,5.44,2650.0,65.0,1200.0,50.0,30,18,100
Skandinaviska Enskil...,6.1,2500.0,100.0,0,60.0,5,18,100
"NORDEA BANK ABP, FIL...",5.04,0.0,50.0,0.0,90.0,30,18,100
"NORDEA BANK ABP, FIL...",5.09,0.0,50.0,0.0,90.0,30,18,100
SpareBank 1 SMN,5.54,2650.0,65.0,1200.0,75.0,30,18,100
SpareBank 1 SMN,5.64,2650.0,0.0,1200.0,60.0,30,18,100
BONORD (DNB),5.48,0.0,65.0,0.0,90.0,30,18,33
"NORDEA BANK ABP, FIL...",5.04,0.0,50.0,0.0,90.0,30,18,100
Voss Sparebank,5.39,0,65.0,0.0,85.0,10,18,100
"NORDEA BANK ABP, FIL...",5.09,0.0,50.0,0.0,90.0,30,18,100
"NORDEA BANK ABP, FIL...",5.14,0.0,50.0,0.0,90.0,30,18,100
"NORDEA BANK ABP, FIL...",5.04,0.0,50.0,0.0,90.0,30,18,100
"NORDEA BANK ABP, FIL...",5.09,0.0,50.0,0.0,90.0,30,18,100
"NORDEA BANK ABP, FIL...",5.14,0.0,50.0,0.0,90.0,30,18,100
Skagerrak Sparebank,5.3,0.0,60.0,0.0,60.0,25,18,100
Vekselbanken,6.25,0,65.0,0.0,75.0,30,18,100
Vekselbanken,5.25,0.0,50.0,0.0,75.0,30,18,100
SpareBank 1 Nord-Nor...,9.25,0,65.0,0,85.0,2,18,100
BONORD (DNB),5.93,0.0,65.0,0.0,90.0,30,18,100
Vekselbanken,5.25,0.0,50.0,0.0,75.0,30,18,100
Nidaros Sparebank,5.74,0,75.0,2000.0,30.0,30,18,100
Vekselbanken,6.25,0,65.0,0.0,75.0,30,18,100
Skagerrak Sparebank,9.15,0,60.0,1000.0,85.0,2,18,100
"NORDEA BANK ABP, FIL...",5.14,0.0,50.0,0.0,90.0,30,18,100
"NORDEA BANK ABP, FIL...",5.04,0.0,50.0,0.0,90.0,30,18,100
Vekselbanken,7.4,0,65.0,0.0,85.0,30,18,100
Evje og Hornnes Spar...,6.1,0,60.0,1000.0,75.0,30,18,100
Nidaros Sparebank,5.54,0,60.0,2000.0,50.0,30,18,100
Nidaros Sparebank,5.44,0,60.0,2000.0,50.0,30,18,100
Landkreditt Bank AS,6.35,0.0,0.0,500.0,75.0,30,18,80
Vekselbanken,5.49,0,65.0,0,85.0,30,18,33
Vekselbanken,6.35,0,65.0,0,60.0,30,18,100
Oslofjord Sparebank,6.35,3000.0,75.0,0.0,75.0,30,18,100
OBOS-banken AS,5.62,2800.0,35.0,0.0,90.0,30,18,33
SpareBank 1 Hallingd...,5.5,0,70.0,750.0,85.0,25,18,33
Nidaros Sparebank,4.99,0.0,60.0,0.0,90.0,10,18,100
OBOS-banken AS,5.47,2800.0,35.0,0.0,90.0,30,18,33
Tinn Sparebank,5.85,2500.0,60.0,1000.0,75.0,30,18,100
JBF Bank og Forsikri...,8.7,5000.0,0.0,1000.0,80.0,2,18,100
Luster Sparebank,5.29,0,60.0,750.0,85.0,30,18,33
JBF Bank og Forsikri...,5.14,3200.0,65.0,1000.0,75.0,30,18,100
Oslofjord Sparebank,5.24,3000.0,75.0,0.0,90.0,30,18,33
JBF Bank og Forsikri...,5.04,3200.0,65.0,1000.0,75.0,30,18,100
Luster Sparebank,6.7,0,70.0,750.0,60.0,20,18,100
Marker & Eidsberg Sp...,5.24,2000.0,50.0,1000.0,90.0,30,18,33
Aurskog Sparebank,5.4,3000.0,75.0,3000.0,75.0,30,18,100
Ørland Sparebank,9.4,0,0.0,2000.0,85.0,1,18,100
Ørland Sparebank,6.45,0,65.0,2000.0,60.0,25,18,100
Aurskog Sparebank,5.35,3000.0,75.0,3000.0,75.0,30,18,100
Ørland Sparebank,5.6,0,65.0,2000.0,85.0,30,18,33
Bien Sparebank ASA,7.19,4000.0,0.0,0,50.0,30,60,95
Aurskog Sparebank,5.35,3000.0,75.0,3000.0,75.0,30,18,100
Ørland Sparebank,6.2,0,65.0,2000.0,60.0,30,34,100
Bien Sparebank ASA,5.64,3000.0,65.0,0,75.0,25,18,100
"Bank2, en del av Eni...",8.6,0,50.0,0.0,85.0,30,18,80
Ørland Sparebank,6.85,0,65.0,2000.0,85.0,30,34,100
SpareBank 1 SMN,6.34,2650.0,65.0,1200.0,70.0,30,18,100
Bien Sparebank ASA,5.99,4000.0,65.0,0,60.0,30,18,100
Bien Sparebank ASA,5.99,4000.0,65.0,0,75.0,30,18,100
"Bank2, en del av Eni...",8.6,0,50.0,0.0,85.0,30,18,80
OBOS-banken AS,4.85,2800.0,35.0,0,75.0,30,18,100
OBOS-banken AS,5.91,5000.0,35.0,0,90.0,30,18,100
Askim og Spydeberg S...,5.65,2500.0,50.0,1000.0,50.0,30,18,100
SpareBank 1 Nord-Nor...,5.49,4000.0,65.0,1300.0,85.0,30,18,39
"NORDEA BANK ABP, FIL...",5.44,0.0,65.0,0.0,90.0,30,18,39
SpareBank 1 Østlande...,5.44,2300.0,60.0,1000.0,75.0,25,18,100
SpareBank 1 Østfold ...,5.39,3000.0,60.0,0.0,90.0,30,18,33
Askim og Spydeberg S...,5.9,2500.0,50.0,1000.0,75.0,30,18,100
SpareBank 1 Østlande...,7.85,2300.0,60.0,1000.0,60.0,25,18,100
SpareBank 1 Hallingd...,6.1,0,75.0,750.0,60.0,10,18,100
Sparebanken Møre,5.99,2500.0,75.0,1000.0,75.0,30,18,100
Askim og Spydeberg S...,5.4,2500.0,50.0,1000.0,75.0,30,18,33
"NORDEA BANK ABP, FIL...",5.44,0.0,65.0,0.0,90.0,30,18,33
SpareBank 1 Østlande...,5.49,2300.0,60.0,1000.0,90.0,30,18,100
Sparebanken Møre,6.25,2500.0,75.0,1000.0,85.0,30,18,100
Askim og Spydeberg S...,5.65,2500.0,50.0,1000.0,85.0,30,18,33
"NORDEA BANK ABP, FIL...",5.44,0.0,65.0,0.0,90.0,30,18,39
SpareBank 1 Østlande...,5.44,2300.0,60.0,1000.0,75.0,30,18,100
Sparebanken Møre,6.09,2500.0,75.0,1000.0,60.0,30,18,100
Askim og Spydeberg S...,5.85,2500.0,50.0,1000.0,60.0,30,18,100
SpareBank 1 Østfold ...,5.49,3000.0,60.0,0.0,90.0,30,18,
Romerike Sparebank,5.2,0.0,70.0,0.0,85.0,30,18,34
SpareBank 1 Østlande...,6.54,2300.0,60.0,1000.0,85.0,30,34,100
Skagerrak Sparebank,5.09,2000.0,60.0,1000.0,75.0,25,18,33
NOBL (DNB),5.89,0.0,65.0,0.0,100.0,1,18,100
Sparebanken Møre,5.69,2500.0,75.0,1000.0,50.0,30,18,100
Nidaros Sparebank,5.84,0,75.0,2000.0,60.0,30,18,100
Askim og Spydeberg S...,5.4,2500.0,50.0,1000.0,50.0,30,18,33
SpareBank 1 Østfold ...,5.89,3000.0,60.0,0.0,90.0,25,34,100
SpareBank 1 Østlande...,6.19,2300.0,0.0,1000.0,60.0,30,18,100
NOBL (DNB),5.93,0.0,65.0,0.0,60.0,30,18,100
SpareBank 1 Nord-Nor...,6.4,4000.0,65.0,1300.0,85.0,30,18,100
SpareBank 1 Østfold ...,6.19,3000.0,60.0,0.0,90.0,30,34,100
SpareBank 1 Østlande...,5.6,2300.0,60.0,1000.0,50.0,30,18,100
Skagerrak Sparebank,5.04,2000.0,60.0,1000.0,75.0,25,18,33
SpareBank 1 Nord-Nor...,5.75,4000.0,75.0,1300.0,60.0,30,34,100
SpareBank 1 Gudbrand...,4.9,1750.0,50.0,800.0,75.0,30,18,100
SpareBank 1 Nord-Nor...,5.65,4000.0,75.0,1300.0,45.0,30,18,33
Askim og Spydeberg S...,4.75,0.0,50.0,0.0,85.0,10,18,100
SpareBank 1 Østfold ...,6.34,3000.0,60.0,0.0,90.0,30,34,100
SpareBank 1 Østlande...,5.74,2300.0,60.0,1000.0,90.0,25,18,33
Skagerrak Sparebank,5.14,2000.0,60.0,1000.0,75.0,25,18,33
SpareBank 1 Nord-Nor...,5.7,1950.0,75.0,1300.0,60.0,30,18,100
SpareBank 1 Østfold ...,5.59,3000.0,60.0,0.0,90.0,30,18,33
OBOS-banken AS,5.51,2800.0,50.0,0.0,60.0,100,18,100
Skagerrak Sparebank,5.09,2000.0,60.0,1000.0,75.0,25,18,100
SpareBank 1 Gudbrand...,5.0,1750.0,50.0,800.0,75.0,30,18,100
SpareBank 1 Østfold ...,5.74,3000.0,60.0,0.0,90.0,30,18,33
SpareBank 1 Østlande...,6.34,2300.0,60.0,1000.0,75.0,30,34,100
Skagerrak Sparebank,5.14,2000.0,60.0,1000.0,75.0,25,18,100
SpareBank 1 Gudbrand...,4.95,1750.0,50.0,800.0,75.0,30,18,100
SpareBank 1 Nord-Nor...,5.75,4000.0,65.0,1300.0,50.0,30,18,100
Sparebanken Narvik,5.49,2000.0,50.0,500.0,90.0,30,18,33
OBOS-banken AS,5.32,2800.0,35.0,0.0,90.0,30,18,100
SpareBank 1 Hallingd...,8.75,0,70.0,750.0,85.0,2,18,100
Skagerrak Sparebank,6.55,0,75.0,1000.0,60.0,30,18,100
OBOS-banken AS,5.21,2800.0,50.0,0.0,50.0,30,18,100
Skagerrak Sparebank,5.19,2000.0,60.0,1000.0,75.0,25,18,100
OBOS-banken AS,5.82,2800.0,35.0,0.0,90.0,30,18,100
Sparebanken Sør,7.5,2500.0,0.0,1000.0,85.0,1,18,100
Nidaros Sparebank,6.09,0,60.0,2000.0,90.0,30,18,100
OBOS-banken AS,5.14,2800.0,35.0,0,75.0,30,18,100
Romerike Sparebank,5.38,0.0,70.0,0.0,50.0,30,18,100
Skagerrak Sparebank,6.29,0,60.0,1000.0,85.0,30,18,100
JBF Bank og Forsikri...,7.8,4000.0,0.0,0,85.0,1,18,100
SpareBank 1 Hallingd...,5.7,0,70.0,750.0,50.0,30,18,100
OBOS-banken AS,5.37,2800.0,35.0,0.0,50.0,30,18,100
OBOS-banken AS,5.67,2800.0,35.0,0.0,90.0,30,18,100
Skagerrak Sparebank,5.49,0,60.0,1000.0,85.0,30,18,33
SpareBank 1 Hallingd...,6.0,0,70.0,750.0,85.0,30,18,100
SpareBank 1 Hallingd...,6.0,0,70.0,750.0,80.0,25,18,100
SpareBank 1 Sogn og ...,6.29,3500.0,70.0,0.0,60.0,30,18,100
OBOS-banken AS,5.52,2800.0,35.0,0,50.0,30,18,100
Kvinesdal Sparebank,6.1,2500.0,50.0,500.0,75.0,20,33,100
Sparebanken Øst,6.44,2990.0,75.0,1250.0,80.0,30,18,100
SpareBank 1 Østlande...,5.39,2200.0,60.0,1000.0,75.0,30,18,100
Sparebanken Øst,5.48,0.0,75.0,1250.0,80.0,30,18,100
SpareBank 1 Hallingd...,5.7,0,70.0,750.0,50.0,25,18,100
SpareBank 1 Hallingd...,5.6,0,70.0,750.0,85.0,30,18,100
INSTABANK ASA,8.1,0,50.0,0.0,90.0,30,23,100
SpareBank 1 Østlande...,5.39,2200.0,60.0,1000.0,75.0,30,18,100
SpareBank 1 Østlande...,5.44,2200.0,60.0,1000.0,75.0,15,18,100
SpareBank 1 Østlande...,5.9,2200.0,0.0,1000.0,60.0,30,18,100
SpareBank 1 Hallingd...,5.45,0,70.0,750.0,85.0,30,18,100
Trøgstad Sparebank,5.99,4000.0,75.0,1500.0,60.0,30,18,100
SpareBank 1 Hallingd...,5.8,0,75.0,750.0,50.0,10,18,100
Oslofjord Sparebank,6.1,3000.0,75.0,0.0,75.0,30,18,100
SpareBank 1 Østfold ...,5.24,3000.0,60.0,0.0,90.0,30,18,33
Askim og Spydeberg S...,6.2,2500.0,50.0,1000.0,85.0,30,18,100
"NORDEA BANK ABP, FIL...",5.44,0.0,65.0,0.0,90.0,30,18,33
SpareBank 1 Østlande...,5.49,2300.0,60.0,1000.0,75.0,15,18,100
SpareBank 1 Hallingd...,6.0,0,75.0,750.0,60.0,10,18,100
KLP Banken AS,5.05,2750.0,55.0,0,85.0,30,18,100
KLP Banken AS,5.0,2750.0,55.0,0,85.0,30,18,100
KLP Banken AS,4.9,2000.0,35.0,0,85.0,30,18,100
Odal Sparebank,5.9,2500.0,70.0,750.0,55.0,30,18,100
KLP Banken AS,5.1,2750.0,55.0,0,85.0,30,18,100
Kvinesdal Sparebank,5.9,2500.0,50.0,500.0,75.0,25,18,33
Fana Sparebank,4.95,1500.0,50.0,500.0,75.0,30,18,100
KLP Banken AS,5.0,2000.0,35.0,0,85.0,30,18,100
Høland og Setskog Sp...,4.85,0.0,75.0,0.0,40.0,25,60,100
SpareBank 1 Hallingd...,5.6,0,70.0,750.0,50.0,30,18,100
Fana Sparebank,4.9,1500.0,50.0,500.0,75.0,30,18,100
KLP Banken AS,4.95,2000.0,35.0,0,85.0,30,18,100
Høland og Setskog Sp...,5.1,0.0,75.0,0.0,85.0,25,18,100
SpareBank 1 Hallingd...,5.35,0,70.0,750.0,85.0,25,18,100
Høland og Setskog Sp...,5.2,3500.0,75.0,0.0,90.0,30,18,100
Skandinaviska Enskil...,6.04,2500.0,100.0,0,60.0,30,18,100
Fana Sparebank,4.99,1500.0,50.0,500.0,75.0,30,18,100
SpareBank 1 Hallingd...,5.35,0,70.0,750.0,85.0,30,18,100
Grue Sparebank,5.39,3000.0,50.0,0.0,85.0,30,18,100
Orkla Sparebank,5.55,2000.0,60.0,1000.0,75.0,30,18,100
Odal Sparebank,6.0,2500.0,0.0,750.0,60.0,15,18,100
Kassa - Boliglån fra...,6.02,0.0,0.0,0.0,85.0,30,18,90
Kassa - Boliglån fra...,5.22,0.0,0.0,0.0,60.0,30,18,90
Berg Sparebank,6.14,3000.0,50.0,1000.0,90.0,30,18,100
Kassa - Boliglån fra...,5.42,0.0,0.0,0.0,75.0,30,18,90
SpareBank 1 Hallingd...,5.4,0,70.0,750.0,85.0,30,18,33
"NORDEA BANK ABP, FIL...",5.44,0.0,65.0,0.0,90.0,30,18,33
Kvinesdal Sparebank,6.25,2500.0,50.0,500.0,60.0,25,18,100
"NORDEA BANK ABP, FIL...",5.44,0.0,65.0,0.0,90.0,30,18,39
SpareBank 1 Hallingd...,5.9,0,70.0,750.0,75.0,30,34,100
Berg Sparebank,5.94,3000.0,50.0,1000.0,75.0,30,18,99
Kvinesdal Sparebank,5.74,2500.0,50.0,500.0,75.0,25,18,33
SpareBank 1 Østfold ...,6.19,3000.0,60.0,0.0,75.0,30,34,100
Rørosbanken Røros Sp...,6.5,1950.0,50.0,0.0,75.0,30,18,100
Etnedal Sparebank,5.4,2000.0,50.0,750.0,85.0,25,18,100
Rørosbanken Røros Sp...,6.5,1950.0,50.0,0.0,75.0,30,18,100
Sparebanken Vest,5.69,3590.0,69.0,0.0,85.0,30,18,33
Flekkefjord Spareban...,8.85,3000.0,0.0,750.0,75.0,1,18,100
Etnedal Sparebank,5.2,2000.0,50.0,750.0,85.0,25,18,33
SpareBank 1 Ringerik...,5.6,2000.0,50.0,1000.0,50.0,25,18,100
Rørosbanken Røros Sp...,6.7,2950.0,65.0,0,60.0,30,18,100
Etnedal Sparebank,5.5,2000.0,50.0,750.0,85.0,25,18,33
Sparebanken Narvik,5.49,2000.0,35.0,0.0,75.0,30,18,100
SpareBank 1 Østfold ...,6.19,3000.0,60.0,0.0,75.0,30,34,100
Rørosbanken Røros Sp...,6.7,2950.0,65.0,0,75.0,30,18,100
JBF Bank og Forsikri...,5.59,3200.0,65.0,1000.0,90.0,30,18,33
OBOS-banken AS,8.48,5000.0,35.0,0,90.0,3,18,100
OBOS-banken AS,8.33,5000.0,35.0,0,90.0,3,18,100
Skudenes & Aakra Spa...,7.04,0,60.0,750.0,75.0,25,18,100
Romerike Sparebank,6.6,3500.0,75.0,0.0,60.0,30,18,100
SpareBank 1 Hallingd...,5.35,0,70.0,750.0,85.0,30,18,100
Skagerrak Sparebank,5.3,0.0,60.0,0.0,85.0,30,18,100
Sparebanken Møre,5.99,2500.0,75.0,1000.0,60.0,30,18,100
Luster Sparebank,5.29,0,60.0,750.0,85.0,30,18,100
SpareBank 1 Helgelan...,5.74,3000.0,75.0,0.0,60.0,30,30,100
Skudenes & Aakra Spa...,6.64,0,60.0,750.0,75.0,25,18,100
Luster Sparebank,5.74,0,60.0,750.0,85.0,30,18,33
Jæren Sparebank,5.54,0,70.0,0.0,90.0,30,18,33
Luster Sparebank,7.1,0,60.0,750.0,85.0,30,18,100
Jæren Sparebank,5.84,0,70.0,0.0,90.0,30,18,33
SpareBank 1 Nordmøre,5.34,3000.0,75.0,1200.0,90.0,30,18,100
Sparebanken Møre,5.39,2500.0,75.0,1000.0,85.0,30,18,100
Luster Sparebank,6.7,0,60.0,750.0,75.0,30,18,100
SpareBank 1 Hallingd...,5.7,0,75.0,750.0,50.0,10,18,100
Berg Sparebank,5.94,3000.0,50.0,1000.0,60.0,25,18,99
SpareBank 1 Sogn og ...,5.29,3500.0,65.0,0,90.0,15,18,100
Sparebanken Vest,5.59,3590.0,69.0,0.0,85.0,30,18,33
JBF Bank og Forsikri...,5.4,3200.0,65.0,1000.0,50.0,30,18,100
JBF Bank og Forsikri...,5.4,3200.0,65.0,1000.0,50.0,30,18,100
JBF Bank og Forsikri...,5.39,3200.0,80.0,1000.0,60.0,20,18,100
JBF Bank og Forsikri...,5.95,3200.0,65.0,1000.0,50.0,30,18,100
Sogn Sparebank,6.1,2500.0,65.0,1000.0,75.0,30,35,150
JBF Bank og Forsikri...,6.05,3200.0,65.0,1000.0,75.0,30,18,100
SpareBank 1 Østfold ...,4.99,3000.0,60.0,0.0,90.0,30,18,100
Sogn Sparebank,6.5,2500.0,65.0,1000.0,75.0,30,35,150
JBF Bank og Forsikri...,5.39,3200.0,65.0,1000.0,75.0,30,18,100
SpareBank 1 Østfold ...,6.09,3000.0,70.0,0.0,60.0,25,18,90
SpareBank 1 Østfold ...,5.04,3000.0,60.0,0.0,90.0,30,18,100
Oslofjord Sparebank,5.9,3000.0,75.0,0.0,60.0,30,18,100
SpareBank 1 Østfold ...,5.99,3000.0,70.0,0.0,60.0,25,18,90
Norsk Sykepleierforb...,5.44,0.0,65.0,0.0,85.0,30,18,33
Etnedal Sparebank,4.7,2000.0,50.0,750.0,85.0,10,18,100
Sparebanken Narvik,9.35,5000.0,50.0,500.0,85.0,2,18,100
Norsk Sykepleierforb...,5.64,0.0,65.0,0.0,60.0,30,18,100
SpareBank 1 Nordmøre,6.19,3000.0,75.0,1200.0,50.0,25,18,100
BN Bank ASA,5.9,1500.0,45.0,500.0,75.0,30,18,150
Orkla Sparebank,5.99,2000.0,60.0,1000.0,90.0,25,18,33
Sparebank 68° Nord,5.25,5000.0,65.0,1000.0,90.0,30,18,33
Sunndal Sparebank,5.3,3500.0,65.0,1000.0,85.0,30,18,34
KLP Banken AS,5.5,2000.0,35.0,0.0,75.0,30,35,100
BN Bank ASA,5.99,1500.0,45.0,500.0,85.0,30,18,150
Flekkefjord Spareban...,5.75,2750.0,75.0,750.0,60.0,10,18,100
Norsk Sykepleierforb...,5.49,0.0,65.0,0.0,50.0,30,18,100
Strømmen Sparebank,5.8,4000.0,65.0,0,60.0,30,18,100
SpareBank 1 Gudbrand...,5.5,0,50.0,800.0,50.0,30,18,100
Strømmen Sparebank,5.25,4000.0,65.0,0,85.0,25,18,100
OBOS-banken AS,7.79,2800.0,0.0,0.0,50.0,30,60,100
Berg Sparebank,5.74,30.0,50.0,1000.0,90.0,30,18,100
SpareBank 1 Østfold ...,5.54,3000.0,70.0,0.0,90.0,30,18,100
Ørskog Sparebank,5.2,3000.0,70.0,1000.0,75.0,30,18,100
OBOS-banken AS,7.64,2800.0,0.0,0.0,50.0,30,60,100
SpareBank 1 Østfold ...,5.44,3000.0,60.0,0.0,90.0,30,18,33
Ørskog Sparebank,5.3,3000.0,70.0,1000.0,90.0,30,18,33
SpareBank 1 Østfold ...,5.34,3000.0,60.0,0.0,90.0,30,18,100
Berg Sparebank,5.54,3000.0,50.0,1000.0,75.0,30,18,100
"NORDEA BANK ABP, FIL...",6.15,3500.0,70.0,0,60.0,25,18,100
SpareBank 1 Østfold ...,5.44,3000.0,60.0,0.0,90.0,30,18,100
"NORDEA BANK ABP, FIL...",6.15,3500.0,70.0,0,60.0,25,18,100
SpareBank 1 Nord-Nor...,6.25,4000.0,65.0,1300.0,75.0,30,18,100
"NORDEA BANK ABP, FIL...",5.44,0.0,65.0,0.0,90.0,30,18,39
"NORDEA BANK ABP, FIL...",5.44,0.0,65.0,0.0,90.0,30,18,33
Trøndelag Sparebank,5.8,2000.0,65.0,1000.0,90.0,30,18,33
SpareBank 1 Østfold ...,9.95,7500.0,0.0,0,100.0,1,18,100
"NORDEA BANK ABP, FIL...",5.85,0.0,50.0,0.0,90.0,30,18,33
Jæren Sparebank,5.15,3500.0,70.0,0,85.0,25,18,100
SpareBank 1 Østfold ...,5.49,3000.0,70.0,0.0,60.0,10,18,100
"NORDEA BANK ABP, FIL...",7.0,2500.0,50.0,0,90.0,2,18,100
Romerike Sparebank,5.38,0.0,75.0,0.0,60.0,30,18,100
Trøndelag Sparebank,7.75,3000.0,0.0,1000.0,85.0,2,18,100
"NORDEA BANK ABP, FIL...",6.05,0.0,50.0,0.0,90.0,30,18,100
Cultura Sparebank,6.2,2000.0,50.0,1000.0,85.0,25,18,100
Trøndelag Sparebank,6.25,2000.0,100.0,1000.0,60.0,30,18,100
Ørskog Sparebank,5.7,3000.0,70.0,1000.0,60.0,30,18,100
"NORDEA BANK ABP, FIL...",6.05,3200.0,50.0,0.0,90.0,30,18,100
Cultura Sparebank,5.4,2000.0,50.0,1000.0,85.0,25,18,100
Romerike Sparebank,5.19,0.0,70.0,0.0,85.0,30,18,100
Trøndelag Sparebank,5.75,2000.0,65.0,1000.0,75.0,30,18,100
KLP Banken AS,5.4,2000.0,35.0,0.0,75.0,30,35,100
"NORDEA BANK ABP, FIL...",5.44,1000.0,0.0,0.0,90.0,30,18,100
Jæren Sparebank,5.25,3500.0,70.0,0,85.0,25,18,100
KLP Banken AS,5.7,2000.0,35.0,0.0,90.0,30,35,100
Jæren Sparebank,5.1,3500.0,70.0,0,85.0,25,18,100
"NORDEA BANK ABP, FIL...",5.85,0.0,50.0,0.0,90.0,30,18,33
Cultura Sparebank,6.1,2000.0,50.0,1000.0,75.0,25,18,100
Odal Sparebank,5.15,2500.0,70.0,750.0,60.0,30,18,100
Romerike Sparebank,5.7,0.0,70.0,0.0,85.0,30,18,100
KLP Banken AS,5.5,2000.0,35.0,0.0,75.0,30,18,100
KLP Banken AS,5.9,2750.0,55.0,0,75.0,30,18,100
Odal Sparebank,5.3,2500.0,70.0,750.0,60.0,30,18,100
KLP Banken AS,5.5,2000.0,35.0,0.0,60.0,30,18,100
Odal Sparebank,5.15,2500.0,70.0,750.0,60.0,30,18,100
Orkla Sparebank,5.59,2000.0,60.0,1000.0,90.0,30,18,100
Romerike Sparebank,5.38,0.0,70.0,0.0,75.0,30,18,100
KLP Banken AS,5.9,2750.0,55.0,0,60.0,30,18,100
"NORDEA BANK ABP, FIL...",5.44,0.0,45.0,0.0,90.0,30,18,33
KLP Banken AS,6.2,2750.0,55.0,0.0,90.0,30,18,100
"NORDEA BANK ABP, FIL...",5.85,3500.0,65.0,0.0,90.0,30,18,33
KLP Banken AS,5.4,2000.0,35.0,0,60.0,30,18,100
"NORDEA BANK ABP, FIL...",5.44,0.0,45.0,0.0,90.0,30,18,39
KLP Banken AS,5.8,2000.0,35.0,0.0,90.0,30,35,100
"NORDEA BANK ABP, FIL...",6.34,3500.0,65.0,0.0,90.0,30,18,100
KLP Banken AS,5.9,2750.0,55.0,0.0,75.0,30,18,100
"NORDEA BANK ABP, FIL...",5.85,3500.0,65.0,0.0,90.0,30,18,33
Agder Sparebank,6.24,3000.0,70.0,900.0,90.0,30,18,100
SpareBank 1 Østlande...,5.19,2200.0,60.0,1000.0,90.0,25,18,33
Orkla Sparebank,6.45,2000.0,70.0,1000.0,60.0,30,18,100
Agder Sparebank,6.29,3000.0,70.0,900.0,90.0,30,18,100
Skudenes & Aakra Spa...,5.94,0,60.0,750.0,60.0,30,18,100
Agder Sparebank,5.29,3000.0,70.0,900.0,90.0,30,18,100
Valdres Sparebank,5.05,2000.0,50.0,750.0,85.0,10,18,100
SpareBank 1 Østlande...,5.14,2200.0,60.0,1000.0,90.0,25,18,33
"NORDEA BANK ABP, FIL...",5.44,0.0,65.0,0.0,90.0,30,18,100
Rogaland Sparebank,4.89,0,75.0,0.0,75.0,30,18,100
Agder Sparebank,5.29,3000.0,70.0,900.0,90.0,30,18,100
SpareBank 1 Østlande...,5.19,2200.0,60.0,1000.0,75.0,25,18,100
Rogaland Sparebank,4.89,0,75.0,0.0,75.0,30,18,100
SpareBank 1 Østlande...,5.09,2200.0,60.0,1000.0,90.0,25,18,33
"NORDEA BANK ABP, FIL...",6.34,3500.0,65.0,0.0,90.0,30,18,100
Agder Sparebank,5.79,3000.0,70.0,900.0,90.0,30,18,33
SpareBank 1 Østlande...,5.14,2200.0,60.0,1000.0,75.0,25,18,100
Skudenes & Aakra Spa...,6.24,0,60.0,750.0,75.0,30,18,100
"NORDEA BANK ABP, FIL...",5.49,3500.0,65.0,0,90.0,30,18,33
Rogaland Sparebank,4.99,0,75.0,0.0,75.0,30,18,100
DNB Bank ASA,6.34,2190.0,65.0,1000.0,75.0,30,18,100
"NORDEA BANK ABP, FIL...",5.74,3200.0,50.0,0.0,90.0,30,18,100
SpareBank 1 Østlande...,5.09,2200.0,60.0,1000.0,75.0,25,18,100
"NORDEA BANK ABP, FIL...",7.0,2500.0,50.0,0,90.0,1,18,100
"NORDEA BANK ABP, FIL...",5.44,0.0,50.0,0.0,90.0,30,18,33
"NORDEA BANK ABP, FIL...",7.0,2500.0,50.0,0,90.0,2,18,100
Bien Sparebank ASA,4.85,4000.0,65.0,0.0,75.0,30,18,100
SpareBank 1 Østfold ...,5.69,3000.0,70.0,0.0,60.0,25,18,100
"NORDEA BANK ABP, FIL...",5.44,0.0,50.0,0.0,90.0,30,18,39
SpareBank 1 Østfold ...,5.69,3000.0,60.0,0.0,75.0,25,34,100
"NORDEA BANK ABP, FIL...",5.44,0.0,50.0,0.0,90.0,30,18,33
Bien Sparebank ASA,5.0,4000.0,65.0,0,75.0,30,18,100
"NORDEA BANK ABP, FIL...",5.74,3200.0,50.0,0.0,90.0,30,18,100
Bien Sparebank ASA,4.85,4000.0,65.0,0,75.0,30,18,100
"NORDEA BANK ABP, FIL...",5.44,0.0,50.0,0.0,90.0,30,18,39
"NORDEA BANK ABP, FIL...",5.7,0.0,50.0,0.0,90.0,30,18,100
SpareBank 1 SMN,5.44,2650.0,65.0,1200.0,90.0,30,18,33
SpareBank 1 SMN,5.44,2650.0,65.0,1200.0,90.0,30,18,100
SpareBank 1 SMN,5.64,2650.0,65.0,1200.0,60.0,30,18,100
SpareBank 1 SMN,5.84,2650.0,65.0,1200.0,90.0,30,18,33
SpareBank 1 SMN,5.44,2650.0,65.0,1200.0,90.0,30,18,100
SpareBank 1 SMN,5.74,2650.0,65.0,1200.0,90.0,30,18,33
SpareBank 1 Helgelan...,10.55,10000.0,0.0,0.0,85.0,1,18,100
Selbu Sparebank,5.74,4500.0,60.0,0.0,85.0,30,18,100
Sparebanken DIN Tele...,6.64,0,70.0,750.0,60.0,30,18,100
Berg Sparebank,5.39,3000.0,50.0,1000.0,90.0,30,18,33
Søgne og Greipstad S...,5.34,2500.0,65.0,1000.0,85.0,30,18,100
SpareBank 1 Helgelan...,6.34,5000.0,75.0,0.0,60.0,30,30,100
SpareBank 1 SMN,5.49,2650.0,65.0,1200.0,90.0,30,18,33
Selbu Sparebank,5.54,4500.0,60.0,0.0,85.0,30,18,33
Berg Sparebank,5.04,3000.0,50.0,1000.0,90.0,30,18,34
Søgne og Greipstad S...,5.94,2500.0,65.0,1000.0,85.0,30,18,33
SpareBank 1 Helgelan...,6.04,5000.0,65.0,0,50.0,30,34,100
Selbu Sparebank,7.75,10000.0,60.0,0,85.0,2,18,100
SpareBank 1 SMN,5.64,2650.0,65.0,1200.0,50.0,30,18,100
Sparebanken DIN Tele...,4.49,0.0,60.0,750.0,85.0,10,18,100
Søgne og Greipstad S...,6.5,2500.0,65.0,1000.0,60.0,30,18,100
Selbu Sparebank,5.7,4500.0,75.0,0.0,60.0,10,18,100
SpareBank 1 SMN,5.8,2650.0,65.0,1200.0,75.0,30,18,100
Sparebanken DIN Tele...,5.49,0,60.0,750.0,85.0,30,18,33
Søgne og Greipstad S...,5.49,2500.0,65.0,1000.0,85.0,30,18,33
Sparebanken DIN Tele...,6.64,0,60.0,750.0,60.0,25,18,100
SpareBank 1 Helgelan...,6.8,5000.0,65.0,0.0,75.0,30,34,100
Aurskog Sparebank,5.65,3000.0,75.0,3000.0,60.0,10,18,100
Sparebanken DIN Tele...,6.25,0,60.0,750.0,60.0,30,18,33
Søgne og Greipstad S...,9.15,4500.0,65.0,1000.0,70.0,2,18,100
Aurskog Sparebank,5.4,3000.0,75.0,3000.0,85.0,30,18,34
DNB Bank ASA,6.34,2190.0,65.0,1000.0,60.0,30,18,100
SpareBank 1 Ringerik...,4.99,2000.0,50.0,1000.0,70.0,25,18,100
Høland og Setskog Sp...,7.7,5000.0,0.0,0.0,85.0,2,18,100
Selbu Sparebank,5.8,4500.0,60.0,0.0,60.0,30,18,100
SpareBank 1 Ringerik...,5.19,2000.0,50.0,1000.0,70.0,25,18,100
DNB Bank ASA,5.49,2190.0,65.0,1000.0,60.0,30,18,100
SpareBank 1 Ringerik...,5.1,2000.0,50.0,1000.0,70.0,25,18,100
Selbu Sparebank,5.59,4500.0,60.0,0.0,80.0,30,18,33
"Svea Bank AB, Filial...",8.0,0,55.0,0,85.0,30,18,67
Selbu Sparebank,6.15,4500.0,60.0,0.0,80.0,30,18,100
SpareBank 1 Østfold ...,5.44,3000.0,60.0,0,90.0,30,18,100
Nidaros Sparebank,5.64,0,60.0,2000.0,55.0,30,18,100
Statens pensjonskass...,5.175,1800.0,60.0,0,80.0,30,18,100
SpareBank 1 Østfold ...,5.49,3000.0,60.0,0.0,90.0,30,18,100
Voss Sparebank,6.59,0,0.0,0.0,85.0,1,18,100
Voss Sparebank,5.39,0,50.0,0.0,85.0,30,18,100
Nidaros Sparebank,5.69,0,60.0,2000.0,90.0,30,18,33
Skudenes & Aakra Spa...,6.39,0,60.0,750.0,90.0,30,18,100
Voss Sparebank,5.94,0,50.0,0.0,75.0,30,18,100
Voss Sparebank,5.39,0,50.0,0.0,90.0,30,18,33
Skudenes & Aakra Spa...,5.79,0,60.0,750.0,90.0,30,18,33
Tysnes Sparebank,6.09,2500.0,65.0,1000.0,75.0,30,18,100
Fana Sparebank,6.55,1500.0,70.0,500.0,60.0,30,18,
Skudenes & Aakra Spa...,5.59,0,60.0,750.0,90.0,30,18,33
SpareBank 1 Gudbrand...,5.5,0,50.0,800.0,50.0,30,18,100
SpareBank 1 Helgelan...,5.65,3000.0,65.0,0,50.0,30,18,100
SpareBank 1 Helgelan...,5.45,5000.0,65.0,0.0,75.0,30,18,100
SpareBank 1 Helgelan...,5.79,3000.0,65.0,0.0,75.0,30,18,100
SpareBank 1 Helgelan...,5.4,5000.0,65.0,0.0,75.0,30,18,100
SpareBank 1 Helgelan...,5.74,5000.0,65.0,0.0,90.0,10,18,100
SpareBank 1 Helgelan...,6.99,5000.0,65.0,0.0,75.0,30,18,100
SpareBank 1 SMN,5.49,2650.0,65.0,1200.0,75.0,30,18,100
SpareBank 1 Sør-Norg...,5.05,3200.0,60.0,0.0,75.0,30,18,100
SpareBank 1 Nord-Nor...,7.9,4000.0,65.0,1300.0,85.0,1,18,100
Bien Sparebank ASA,5.64,3000.0,65.0,0,90.0,30,18,33
SpareBank 1 Sør-Norg...,5.15,3200.0,60.0,0.0,75.0,30,18,100
SpareBank 1 Sør-Norg...,5.09,3200.0,60.0,0.0,75.0,30,18,100
Valle Sparebank,5.4,0,65.0,1000.0,90.0,30,18,33
Valle Sparebank,5.85,0,65.0,1000.0,90.0,30,18,33
Nidaros Sparebank,5.49,0,60.0,2000.0,90.0,30,18,33
Storebrand Bank ASA,5.74,0.0,0.0,0.0,90.0,10,18,100
Etnedal Sparebank,6.0,2000.0,50.0,750.0,90.0,25,18,100
Nidaros Sparebank,5.54,0,60.0,2000.0,55.0,30,18,100
Sbanken (DNB Bank AS...,5.7,0.0,0.0,0.0,90.0,30,21,100
Flekkefjord Spareban...,5.0,2750.0,50.0,750.0,60.0,30,18,100
Landkreditt Bank AS,5.35,0.0,0.0,500.0,60.0,30,18,100
Romerike Sparebank,5.04,3500.0,70.0,0.0,75.0,30,18,100
Askim og Spydeberg S...,5.3,0.0,50.0,0.0,75.0,25,18,100
Landkreditt Bank AS,5.99,0.0,0.0,500.0,75.0,30,18,100
Storebrand Bank ASA,6.99,2190.0,50.0,950.0,85.0,30,18,100
Flekkefjord Spareban...,5.1,2750.0,50.0,750.0,60.0,30,18,100
Sbanken (DNB Bank AS...,5.56,0.0,0.0,0.0,75.0,30,21,100
Sbanken (DNB Bank AS...,5.56,0.0,0.0,0.0,75.0,30,21,100
Landkreditt Bank AS,5.2,0.0,0.0,500.0,50.0,30,18,100
Aasen Sparebank,5.89,3950.0,60.0,0,85.0,30,18,100
Landkreditt Bank AS,6.2,0.0,0.0,500.0,75.0,30,18,100
Aasen Sparebank,5.79,3950.0,60.0,0,85.0,30,18,34
Landkreditt Bank AS,5.74,0.0,0.0,500.0,50.0,30,18,100
Aasen Sparebank,5.69,3950.0,60.0,0.0,85.0,30,18,100
Høland og Setskog Sp...,4.9,0.0,75.0,0,85.0,30,18,100
Landkreditt Bank AS,5.94,0.0,0.0,500.0,50.0,30,18,100
Sunndal Sparebank,6.75,3500.0,55.0,1000.0,60.0,30,18,100
Aasen Sparebank,5.49,3950.0,60.0,0.0,85.0,30,18,34
Landkreditt Bank AS,5.99,0.0,0.0,500.0,60.0,30,18,100
Aasen Sparebank,5.9,3950.0,60.0,0.0,60.0,30,18,100
Sparebanken Sør,5.05,2500.0,65.0,1000.0,75.0,30,18,33
Aasen Sparebank,5.79,3950.0,60.0,0.0,60.0,30,18,34
Sparebanken Sør,5.05,2500.0,65.0,1000.0,75.0,30,18,33
Sparebanken Sør,5.1,2500.0,65.0,1000.0,75.0,30,18,100
Sbanken (DNB Bank AS...,5.32,0.0,0.0,0.0,60.0,30,21,100
Sparebanken Sør,5.0,2500.0,65.0,1000.0,75.0,30,18,33
Sparebanken Sør,5.0,2500.0,65.0,1000.0,75.0,30,18,100
Sbanken (DNB Bank AS...,5.32,0.0,0.0,0.0,60.0,30,21,100
Sparebanken Sør,5.1,2500.0,65.0,1000.0,75.0,30,18,100
Nybygger.no (Spareba...,5.64,0.0,0.0,0.0,50.0,30,18,100
Søgne og Greipstad S...,5.19,2500.0,65.0,1000.0,75.0,25,18,100
Romerike Sparebank,5.52,3500.0,70.0,0.0,75.0,30,18,100
SpareBank 1 Østlande...,8.6,5000.0,0.0,1000.0,80.0,2,18,100
Gildeskål Sparebank,6.1,3000.0,50.0,1000.0,85.0,30,18,33
Gildeskål Sparebank,6.5,3000.0,50.0,1000.0,60.0,30,18,100
SpareBank 1 SMN,5.09,2650.0,60.0,1200.0,85.0,30,18,33
"NORDEA BANK ABP, FIL...",5.7,0.0,50.0,0.0,90.0,30,18,100
SpareBank 1 SMN,5.14,2650.0,60.0,1200.0,85.0,30,18,33
SpareBank 1 SMN,5.09,2650.0,60.0,1200.0,85.0,30,18,33
Nidaros Sparebank,7.2,0,60.0,0,85.0,2,18,100
SpareBank 1 SMN,5.34,2650.0,60.0,1200.0,85.0,30,18,100
Landkreditt Bank AS,6.15,0.0,0.0,500.0,90.0,30,18,33
Trøgstad Sparebank,5.49,0.0,65.0,0.0,90.0,35,18,100
SpareBank 1 SMN,5.29,2650.0,60.0,1200.0,85.0,30,18,100
Landkreditt Bank AS,6.15,0.0,0.0,500.0,90.0,30,18,33
SpareBank 1 SMN,5.09,2650.0,60.0,1200.0,75.0,30,18,100
Trøgstad Sparebank,5.49,4000.0,65.0,1500.0,90.0,30,18,33
SpareBank 1 SMN,5.29,2650.0,60.0,1200.0,85.0,30,18,100
Trøgstad Sparebank,5.49,0.0,65.0,0.0,90.0,35,18,100
SpareBank 1 SMN,5.14,2650.0,60.0,1200.0,75.0,30,18,100
"NORDEA BANK ABP, FIL...",5.69,0.0,70.0,0.0,60.0,40,18,100
SpareBank 1 SMN,5.09,2650.0,60.0,1200.0,75.0,30,18,100
Trøgstad Sparebank,5.84,4000.0,65.0,1500.0,90.0,30,18,100
Sbanken (DNB Bank AS...,5.51,0.0,0.0,0.0,60.0,25,21,100
Høland og Setskog Sp...,5.85,3500.0,75.0,0.0,60.0,25,18,100
Sbanken (DNB Bank AS...,5.51,0.0,0.0,0.0,60.0,25,21,100
Sogn Sparebank,6.7,2500.0,65.0,1000.0,90.0,30,35,150
Romerike Sparebank,4.89,3500.0,70.0,0.0,75.0,30,18,100
"NORDEA BANK ABP, FIL...",5.7,0.0,50.0,0.0,75.0,30,18,100
SpareBank 1 Helgelan...,5.59,5000.0,65.0,0.0,90.0,30,34,100
SpareBank 1 Sør-Norg...,5.59,0.0,60.0,0,50.0,30,18,
SpareBank 1 Helgelan...,5.34,3000.0,65.0,0.0,90.0,30,18,34
SpareBank 1 Sør-Norg...,5.78,0.0,60.0,0,75.0,30,18,
SpareBank 1 Helgelan...,5.54,3000.0,65.0,0.0,90.0,30,18,
"NORDEA BANK ABP, FIL...",5.5,0.0,50.0,0.0,60.0,30,18,100
Tolga-Os Sparebank,5.3,2500.0,60.0,1000.0,85.0,30,18,34
SpareBank 1 Helgelan...,5.64,3000.0,65.0,0.0,90.0,30,18,34
Sogn Sparebank,5.25,2500.0,65.0,1000.0,75.0,30,18,33
SpareBank 1 Sør-Norg...,5.29,0.0,60.0,0,90.0,30,18,
Drangedal Sparebank,5.55,2250.0,65.0,750.0,85.0,25,20,34
Himla Banktjenester ...,5.28,0.0,0.0,0.0,55.0,30,18,100
Drangedal Sparebank,7.35,2250.0,65.0,750.0,60.0,20,18,100
Himla Banktjenester ...,5.49,0.0,0.0,0.0,75.0,30,18,100
Drangedal Sparebank,5.45,2250.0,65.0,750.0,85.0,25,18,33
Drangedal Sparebank,6.1,2250.0,65.0,750.0,75.0,30,18,100
Storebrand Bank ASA,5.09,2190.0,50.0,950.0,70.0,40,18,100
Aurskog Sparebank,5.85,3000.0,75.0,3000.0,75.0,30,18,100
Stadsbygd Sparebank,6.35,0,60.0,1000.0,60.0,30,18,100
Tolga-Os Sparebank,7.75,5000.0,0.0,1000.0,85.0,2,18,100
Aurskog Sparebank,6.6,3000.0,75.0,3000.0,85.0,30,18,100
Haugesund Sparebank,5.79,0,50.0,1000.0,90.0,30,18,33
Tolga-Os Sparebank,6.35,2500.0,65.0,1000.0,60.0,35,18,34
Haugesund Sparebank,5.69,0,50.0,1000.0,90.0,30,18,33
Tolga-Os Sparebank,5.3,2500.0,60.0,1000.0,85.0,35,18,34
Sbanken (DNB Bank AS...,7.478,0.0,0.0,0,85.0,2,18,100
Tolga-Os Sparebank,6.85,2500.0,60.0,1000.0,75.0,30,18,100
Haltdalen Sparebank,7.5,5000.0,0.0,0,85.0,2,18,100
Bjugn Sparebank,5.75,0,65.0,1000.0,85.0,30,18,33
Valdres Sparebank,5.7,2000.0,50.0,750.0,85.0,30,18,33
Bjugn Sparebank,10.55,0,65.0,1000.0,85.0,2,18,100
Valdres Sparebank,5.15,2000.0,50.0,750.0,75.0,30,18,34
Flekkefjord Spareban...,6.2,2750.0,50.0,750.0,75.0,30,18,100
Flekkefjord Spareban...,6.7,2750.0,50.0,750.0,60.0,25,18,100
Valdres Sparebank,5.3,2000.0,50.0,750.0,85.0,30,18,33
Sparebanken Øst,5.23,0.0,75.0,0.0,85.0,30,18,100
Flekkefjord Spareban...,6.25,2750.0,75.0,750.0,60.0,25,18,100
Bulder (Sparebanken ...,5.33,0.0,0.0,0.0,55.0,30,18,100
Bulder (Sparebanken ...,5.38,0.0,0.0,0.0,60.0,30,18,100
Stadsbygd Sparebank,6.1,0,60.0,1000.0,60.0,30,18,100
Melhusbanken,5.69,0,50.0,1000.0,90.0,30,18,33
Melhusbanken,9.0,0,0.0,1000.0,90.0,2,18,100
Melhusbanken,5.55,0,50.0,1000.0,90.0,30,18,100
Melhusbanken,6.55,0,50.0,1000.0,90.0,30,18,100
Bulder (Sparebanken ...,5.3,0.0,0.0,0.0,50.0,30,18,100
Melhusbanken,5.69,0,50.0,1000.0,90.0,30,18,33
Melhusbanken,5.55,0,50.0,1000.0,90.0,30,18,100
Søgne og Greipstad S...,6.4,2500.0,65.0,1000.0,75.0,25,18,100
SpareBank 1 Helgelan...,5.45,3000.0,65.0,0.0,90.0,10,18,100
Sogn Sparebank,5.25,2500.0,65.0,1000.0,85.0,30,18,34
Odal Sparebank,5.7,2500.0,70.0,750.0,90.0,30,18,33
Lillesands Sparebank,6.39,0,60.0,1000.0,85.0,30,18,100
SpareBank 1 Helgelan...,5.34,3000.0,65.0,0,90.0,30,18,
"NORDEA BANK ABP, FIL...",7.0,2500.0,50.0,0.0,90.0,1,18,100
SpareBank 1 Østlande...,5.19,0.0,60.0,0.0,90.0,30,18,100
Sogn Sparebank,5.35,2500.0,65.0,1000.0,90.0,30,18,33
SpareBank 1 Helgelan...,5.29,3000.0,65.0,0.0,90.0,30,18,100
SpareBank 1 Helgelan...,5.34,3000.0,65.0,0.0,90.0,30,18,
SpareBank 1 Sør-Norg...,5.35,0.0,60.0,0,90.0,30,18,33
Tysnes Sparebank,6.09,2500.0,65.0,1000.0,60.0,30,18,100
SpareBank 1 Helgelan...,5.52,3000.0,65.0,0,90.0,30,18,34
"NORDEA BANK ABP, FIL...",5.74,3200.0,50.0,0.0,90.0,30,18,100
SpareBank 1 Østlande...,5.19,0.0,60.0,0.0,90.0,25,18,33
SpareBank 1 Gudbrand...,5.35,0,50.0,800.0,90.0,30,18,100
Haugesund Sparebank,5.59,0,50.0,1000.0,85.0,25,18,100
Sparebank 68° Nord,6.1,5000.0,65.0,1000.0,90.0,30,18,100
Skue Sparebank,5.2,0,60.0,0,85.0,30,18,100
SpareBank 1 Gudbrand...,5.35,0,50.0,800.0,90.0,30,18,100
Storebrand Bank ASA,5.49,2190.0,50.0,950.0,85.0,30,18,100
Sparebank 68° Nord,5.3,5000.0,65.0,1000.0,90.0,30,18,33
DinBANK.no(Sparebank...,5.72,0.0,0.0,0.0,80.0,30,18,100
Skue Sparebank,5.2,0,60.0,0,85.0,30,18,100
SpareBank 1 Gudbrand...,6.35,0,50.0,800.0,90.0,30,34,100
Hegra Sparebank,5.75,4000.0,50.0,0.0,85.0,30,18,34
SpareBank 1 Østfold ...,5.59,3000.0,60.0,0.0,55.0,30,18,100
Bulder (Sparebanken ...,5.5,0.0,0.0,0.0,70.0,30,18,100
DinBANK.no(Sparebank...,5.55,0.0,0.0,0.0,70.0,30,18,100
SpareBank 1 Lom og S...,5.2,2500.0,50.0,0.0,90.0,10,18,100
SpareBank 1 Gudbrand...,5.5,0,50.0,800.0,90.0,30,18,33
Bulder (Sparebanken ...,5.54,0.0,0.0,0.0,75.0,30,18,100
DinBANK.no(Sparebank...,5.62,0.0,0.0,0.0,75.0,30,18,100
Skue Sparebank,5.35,0,60.0,0,85.0,30,18,100
Bulder (Sparebanken ...,5.51,0.0,0.0,0.0,90.0,30,18,34
Stadsbygd Sparebank,5.75,0,60.0,1000.0,85.0,30,18,33
DinBANK.no(Sparebank...,5.4,0.0,0.0,0.0,60.0,30,18,100
SpareBank 1 Lom og S...,5.4,2950.0,50.0,0.0,75.0,10,18,100
DinBANK.no(Sparebank...,5.46,0.0,0.0,0.0,65.0,30,18,100
SpareBank 1 Lom og S...,5.2,2500.0,50.0,0.0,90.0,30,18,100
Selbu Sparebank,5.85,4500.0,60.0,0.0,85.0,30,18,33
SpareBank 1 Ringerik...,5.34,2000.0,50.0,1000.0,90.0,10,18,100
Bulder (Sparebanken ...,5.51,0.0,0.0,0.0,85.0,30,18,34
DinBANK.no(Sparebank...,5.35,0.0,0.0,0.0,55.0,30,18,100
Bulder (Sparebanken ...,5.48,0.0,0.0,0.0,75.0,30,18,34
BN Bank ASA,7.4,1500.0,45.0,500.0,85.0,1,18,150
DinBANK.no(Sparebank...,5.32,0.0,0.0,0.0,50.0,30,18,100
Valdres Sparebank,5.6,2000.0,50.0,750.0,60.0,20,18,100
SpareBank 1 Ringerik...,5.34,2000.0,50.0,1000.0,90.0,30,18,100
Tysnes Sparebank,5.58,2500.0,65.0,1000.0,90.0,30,18,33
Bulder (Sparebanken ...,5.51,0.0,0.0,0.0,80.0,30,18,34
BN Bank ASA,7.05,1500.0,0.0,500.0,50.0,30,60,95
SpareBank 1 Ringerik...,7.15,2000.0,50.0,1000.0,90.0,1,18,100
Bulder (Sparebanken ...,5.39,0.0,0.0,0.0,65.0,30,18,34
Valdres Sparebank,5.45,2000.0,50.0,750.0,75.0,30,18,100
SpareBank 1 Ringerik...,6.49,2000.0,50.0,1000.0,90.0,25,18,100
SpareBank 1 Østlande...,5.49,0.0,60.0,0.0,50.0,30,18,100
Bulder (Sparebanken ...,5.45,0.0,0.0,0.0,70.0,30,18,34
Valdres Sparebank,8.3,6000.0,50.0,750.0,85.0,5,18,100
SpareBank 1 Ringerik...,5.84,2000.0,50.0,1000.0,90.0,25,18,33
Sparebanken Narvik,4.94,4000.0,35.0,0,75.0,30,18,100
SpareBank 1 Nordmøre,5.69,3000.0,75.0,1200.0,90.0,25,18,100
Sparebanken Narvik,4.89,4000.0,35.0,0,75.0,30,18,100
Bjugn Sparebank,6.6,0,75.0,1000.0,60.0,30,25,
Bulder (Sparebanken ...,5.33,0.0,0.0,0.0,55.0,30,18,34
SpareBank 1 Ringerik...,5.54,2000.0,50.0,1000.0,90.0,25,18,33
Sparebanken Narvik,4.99,4000.0,35.0,0,75.0,30,18,100
Boligkreditt.no (Spa...,6.17,0.0,0.0,0.0,50.0,30,18,100
Bulder (Sparebanken ...,5.36,0.0,0.0,0.0,60.0,30,18,34
Valdres Sparebank,5.35,2000.0,50.0,750.0,75.0,30,18,100
SpareBank 1 Ringerik...,8.5,9000.0,0.0,1000.0,90.0,2,18,100
Boligkreditt.no (Spa...,6.47,0.0,0.0,0.0,75.0,30,18,100
Bjugn Sparebank,7.0,0,65.0,1000.0,70.0,30,18,
Bulder (Sparebanken ...,5.46,0.0,0.0,0.0,65.0,30,18,100
Valdres Sparebank,5.6,2000.0,50.0,750.0,60.0,30,18,100
Bjugn Sparebank,6.5,0,65.0,1000.0,60.0,30,18,100
Bulder (Sparebanken ...,5.3,0.0,0.0,0.0,50.0,30,18,34
Valdres Sparebank,5.65,2000.0,50.0,750.0,75.0,30,18,100
SpareBank 1 Sogn og ...,5.69,3500.0,65.0,0,90.0,30,18,33
SpareBank 1 Ringerik...,6.39,2000.0,50.0,1000.0,75.0,25,18,100
Høland og Setskog Sp...,6.15,3500.0,75.0,0.0,80.0,25,18,100
Bulder (Sparebanken ...,5.62,0.0,0.0,0.0,60.0,30,18,100
SpareBank 1 Sogn og ...,6.39,3500.0,65.0,0.0,90.0,30,18,100
Berg Sparebank,7.89,3000.0,50.0,1000.0,85.0,1,18,100
SpareBank 1 Ringerik...,6.14,2000.0,50.0,1000.0,60.0,25,18,100
SpareBank 1 Gudbrand...,5.8,0,50.0,800.0,90.0,30,34,100
SpareBank 1 Nordmøre,5.34,0.0,0.0,0.0,90.0,10,18,100
Berg Sparebank,10.05,7500.0,0.0,1000.0,85.0,2,18,100
Bulder (Sparebanken ...,5.57,0.0,0.0,0.0,55.0,30,18,100
SpareBank 1 Gudbrand...,5.25,1750.0,50.0,800.0,90.0,30,18,100
Romsdal Sparebank,8.15,0,0.0,1000.0,90.0,1,18,100
SpareBank 1 Gudbrand...,5.1,1750.0,50.0,800.0,90.0,10,18,100
Bulder (Sparebanken ...,5.52,0.0,0.0,0.0,50.0,30,18,100
Aurskog Sparebank,8.5,6000.0,0.0,3000.0,80.0,1,18,100
SpareBank 1 Gudbrand...,5.4,0,50.0,800.0,90.0,30,18,33
SpareBank 1 Gudbrand...,5.25,0,50.0,800.0,90.0,30,18,100
Bulder (Sparebanken ...,5.58,0.0,0.0,0.0,90.0,30,18,100
Oslofjord Sparebank,7.35,5000.0,0.0,0.0,50.0,30,60,95
SpareBank 1 Gudbrand...,6.35,0,50.0,800.0,90.0,30,18,100
Bulder (Sparebanken ...,5.58,0.0,0.0,0.0,80.0,30,18,100
Sparebank 68° Nord,5.5,5000.0,65.0,1000.0,90.0,30,18,100
SpareBank 1 Gudbrand...,5.15,0,50.0,800.0,90.0,10,18,100
Bulder (Sparebanken ...,5.58,0.0,0.0,0.0,85.0,30,18,100
Sparebank 68° Nord,6.1,5000.0,100.0,1000.0,60.0,30,18,100
SpareBank 1 Hallingd...,5.1,0,70.0,750.0,85.0,25,18,100
Sparebanken Øst,5.39,0.0,75.0,1250.0,90.0,30,18,34
SpareBank 1 Hallingd...,5.05,0,70.0,750.0,85.0,25,18,100
Hegra Sparebank,6.45,4000.0,50.0,0.0,70.0,30,18,100
SpareBank 1 Ringerik...,6.14,2000.0,70.0,1000.0,60.0,20,18,100
SpareBank 1 Hallingd...,5.1,0,70.0,750.0,80.0,25,18,100
SpareBank 1 Hallingd...,5.15,0,70.0,750.0,85.0,25,18,100
SpareBank 1 Ringerik...,5.99,2000.0,70.0,1000.0,50.0,20,18,100
Sparebanken DIN Tele...,5.39,0,60.0,750.0,90.0,25,18,100
SpareBank 1 Hallingd...,5.15,0,70.0,750.0,80.0,25,18,100
Sparebanken Øst,5.24,0.0,75.0,0.0,90.0,30,18,34
SpareBank 1 Hallingd...,5.05,0,70.0,750.0,80.0,25,18,100
SpareBank 1 Sogn og ...,5.39,3500.0,65.0,0,90.0,30,18,100
Evje og Hornnes Spar...,5.4,0,60.0,1000.0,90.0,30,18,33
Sparebanken Øst,5.48,0.0,75.0,1250.0,80.0,30,18,100
Aurskog Sparebank,4.5,0.0,0.0,0.0,85.0,20,18,100
SpareBank 1 Sogn og ...,5.44,3500.0,65.0,0,90.0,30,18,100
Evje og Hornnes Spar...,5.4,0,60.0,1000.0,90.0,30,18,100
Sparebanken Øst,5.24,0.0,75.0,0.0,90.0,30,18,34
Flekkefjord Spareban...,6.4,2750.0,50.0,750.0,90.0,30,18,100
Romerike Sparebank,5.7,1500.0,70.0,0.0,85.0,30,18,100
Sparebanken Narvik,6.29,2000.0,35.0,500.0,75.0,30,18,100
SpareBank 1 Sogn og ...,5.69,3500.0,65.0,0,90.0,25,18,100
Sparebanken Øst,5.33,2990.0,75.0,1250.0,90.0,30,18,100
SpareBank 1 Østfold ...,6.19,3000.0,60.0,0.0,85.0,30,34,100
SpareBank 1 Østfold ...,6.34,3000.0,60.0,0.0,85.0,30,34,100
SpareBank 1 Sogn og ...,5.44,3500.0,65.0,0,90.0,30,18,33
Sparebanken Øst,5.28,0.0,75.0,0,90.0,30,18,100
SpareBank 1 Sogn og ...,5.69,3500.0,65.0,0,90.0,30,18,100
Sparebanken Øst,5.49,2990.0,75.0,1250.0,90.0,30,18,34
Handelsbanken AB NUF,4.89,0.0,45.0,0.0,85.0,30,18,100
Sparebanken Vest,5.14,3590.0,69.0,0.0,85.0,30,18,100
Handelsbanken AB NUF,4.94,0.0,45.0,0.0,85.0,30,18,100
Sparebanken Vest,5.19,3590.0,69.0,0.0,85.0,30,18,100
Handelsbanken AB NUF,4.99,0.0,45.0,0.0,85.0,30,18,100
Spareskillingsbanken,5.49,2500.0,65.0,1000.0,90.0,30,18,33
Handelsbanken AB NUF,4.94,0.0,45.0,0.0,85.0,30,18,100
Sparebanken Vest,6.5,3590.0,0.0,0.0,60.0,25,18,100
Sparebanken Vest,5.09,3590.0,69.0,0.0,85.0,30,18,100
Fana Sparebank,5.4,1500.0,0.0,500.0,50.0,30,18,100
Handelsbanken AB NUF,4.89,0.0,45.0,0,85.0,30,18,100
Sparebanken Vest,9.55,0,0.0,0.0,100.0,1,18,100
Fana Sparebank,6.3,1500.0,50.0,500.0,90.0,30,18,100
Fana Sparebank,5.45,0.0,0.0,0.0,85.0,30,18,33
Handelsbanken AB NUF,4.94,0.0,45.0,0,85.0,30,18,100
Spareskillingsbanken,5.55,2500.0,65.0,1000.0,90.0,30,18,33
Fana Sparebank,6.2,1500.0,50.0,500.0,90.0,30,18,100
Handelsbanken AB NUF,4.99,0.0,45.0,0,85.0,30,18,100
Aurskog Sparebank,7.85,3000.0,75.0,3000.0,80.0,1,18,100
Sparebanken Vest,6.65,3590.0,69.0,0.0,75.0,30,18,100
Romerike Sparebank,5.7,3500.0,70.0,0.0,90.0,30,18,34
Handelsbanken AB NUF,4.94,0.0,45.0,0,85.0,30,18,100
Handelsbanken AB NUF,4.89,0.0,45.0,0.0,85.0,30,18,100
Romsdal Sparebank,5.8,0,65.0,1000.0,90.0,30,18,100
Handelsbanken AB NUF,4.94,0.0,45.0,0.0,85.0,30,18,100
Aurskog Sparebank,5.65,3000.0,75.0,3000.0,80.0,30,18,100
Romsdal Sparebank,5.75,0,65.0,1000.0,60.0,30,18,100
Nordnet Bank (Nordne...,5.14,0.0,0.0,0.0,60.0,30,18,100
Skudenes & Aakra Spa...,8.84,0,60.0,750.0,80.0,2,18,100
Handelsbanken AB NUF,4.99,0.0,45.0,0.0,85.0,30,18,100
Romsdal Sparebank,5.45,0,65.0,1000.0,50.0,30,18,100
Aurskog Sparebank,5.45,3000.0,75.0,3000.0,85.0,30,18,34
Handelsbanken AB NUF,4.94,0.0,45.0,0.0,85.0,30,18,100
Romsdal Sparebank,5.7,0,65.0,1000.0,75.0,30,18,100
BN Bank ASA,5.8,1500.0,0.0,500.0,60.0,30,18,150
Nordnet Bank (Nordne...,5.74,0.0,0.0,0.0,60.0,30,18,100
BN Bank ASA,5.79,1500.0,45.0,500.0,50.0,30,18,150
Strømmen Sparebank,5.8,4000.0,65.0,0,90.0,30,18,100
Nordnet Bank (Nordne...,5.49,0.0,0.0,0.0,60.0,30,18,100
Storebrand Bank ASA,5.05,2190.0,50.0,950.0,70.0,40,18,100
Flekkefjord Spareban...,5.75,2750.0,50.0,750.0,90.0,30,18,100
Flekkefjord Spareban...,5.75,2750.0,50.0,750.0,90.0,30,18,33
Landkreditt Bank AS,5.7,0.0,0.0,500.0,100.0,2,18,100
Nordnet Bank (Nordne...,6.74,0.0,0.0,0.0,60.0,30,18,100
Strømmen Sparebank,5.35,4000.0,65.0,0.0,90.0,30,18,33
Flekkefjord Spareban...,5.8,2750.0,50.0,750.0,90.0,30,18,33
Valle Sparebank,6.05,0,65.0,1000.0,75.0,35,18,100
Skue Sparebank,5.95,3000.0,60.0,0.0,80.0,30,18,100
DNB Bank ASA,4.94,2190.0,65.0,1000.0,90.0,30,18,33
Handelsbanken AB NUF,7.35,5000.0,60.0,0.0,75.0,1,18,100
Valle Sparebank,6.5,0,65.0,1000.0,60.0,25,18,100
Skue Sparebank,5.39,3000.0,60.0,0.0,90.0,30,18,33
SpareBank 1 SMN,5.44,0.0,50.0,0.0,85.0,30,18,100
DNB Bank ASA,4.89,2190.0,65.0,1000.0,90.0,30,18,33
Handelsbanken AB NUF,5.7,3000.0,75.0,0.0,60.0,30,18,100
SpareBank 1 SMN,5.64,0.0,0.0,0.0,60.0,30,18,100
DNB Bank ASA,4.89,2190.0,65.0,1000.0,75.0,30,18,100
SpareBank 1 SMN,5.44,0.0,50.0,0.0,75.0,30,18,100
DNB Bank ASA,4.84,2190.0,65.0,1000.0,90.0,30,18,33
Handelsbanken AB NUF,5.8,3000.0,60.0,0.0,75.0,30,18,100
Sunndal Sparebank,5.45,3500.0,65.0,1000.0,85.0,25,18,100
SpareBank 1 SMN,5.59,0.0,50.0,0.0,50.0,30,18,100
Evje og Hornnes Spar...,6.5,0,60.0,1000.0,60.0,10,18,100
Handelsbanken AB NUF,5.4,0.0,45.0,0.0,85.0,30,34,100
DNB Bank ASA,4.94,2190.0,65.0,1000.0,75.0,30,18,100
DNB Bank ASA,4.94,2190.0,65.0,1000.0,75.0,30,18,100
Handelsbanken AB NUF,5.2,0.0,45.0,0.0,85.0,30,18,33
Sparebanken Sør,5.85,2500.0,65.0,1000.0,85.0,30,18,33
Handelsbanken AB NUF,6.75,0.0,45.0,0.0,85.0,1,18,100
DNB Bank ASA,4.99,2190.0,65.0,1000.0,75.0,30,18,100
Sunndal Sparebank,5.3,3500.0,65.0,1000.0,85.0,25,18,100
SpareBank 1 SMN,5.75,0.0,50.0,0.0,75.0,30,18,100
Handelsbanken AB NUF,5.4,0.0,45.0,0.0,60.0,30,18,100
DNB Bank ASA,4.89,2190.0,65.0,1000.0,75.0,30,18,100
Sunndal Sparebank,5.75,3500.0,65.0,1000.0,50.0,30,18,100
Handelsbanken AB NUF,5.25,0.0,45.0,0.0,60.0,30,34,100
Norsk Sykepleierforb...,4.89,0.0,65.0,0.0,75.0,30,18,100
Sunndal Sparebank,5.45,3500.0,65.0,1000.0,85.0,30,18,100
Handelsbanken AB NUF,8.4,4000.0,45.0,0,75.0,2,18,100
Norsk Sykepleierforb...,4.84,0.0,65.0,0.0,75.0,30,18,100
SpareBank 1 SMN,5.14,0.0,50.0,0.0,90.0,30,18,100
Voss Sparebank,6.2,0,60.0,0.0,60.0,40,18,100
Norsk Sykepleierforb...,4.79,0.0,65.0,0.0,75.0,30,18,100
SpareBank 1 SMN,5.19,0.0,50.0,0.0,90.0,30,18,
SpareBank 1 SMN,5.29,0.0,50.0,0.0,90.0,30,18,33
Sparebanken Vest,5.59,3590.0,69.0,0.0,85.0,30,18,100
SpareBank 1 Østfold ...,5.49,3000.0,60.0,0.0,55.0,30,18,100
SpareBank 1 Sogn og ...,8.15,5000.0,65.0,0,85.0,2,18,100
Sparebanken Vest,7.3,3590.0,0.0,0,50.0,30,60,95
Handelsbanken AB NUF,5.2,0.0,45.0,0.0,85.0,30,18,33
Sbanken (DNB Bank AS...,4.84,0.0,0.0,0.0,75.0,30,21,100
Handelsbanken AB NUF,8.4,4000.0,45.0,0.0,75.0,2,18,100
Sbanken (DNB Bank AS...,4.79,0.0,0.0,0.0,75.0,30,21,100
Handelsbanken AB NUF,5.4,0.0,45.0,0.0,85.0,30,34,100
SpareBank 1 Nord-Nor...,5.29,1950.0,65.0,1300.0,90.0,30,18,100
Handelsbanken AB NUF,5.25,0.0,45.0,0.0,60.0,30,18,100
SpareBank 1 Nord-Nor...,5.17,1950.0,65.0,1300.0,90.0,30,18,100
Handelsbanken AB NUF,6.75,1000.0,45.0,0,85.0,1,18,100
Nybygger.no (Spareba...,5.27,0.0,0.0,0.0,60.0,30,18,100
SpareBank 1 Nord-Nor...,5.59,1950.0,65.0,1300.0,75.0,25,18,100
Stadsbygd Sparebank,3.95,0.0,60.0,0.0,85.0,30,18,33
Handelsbanken AB NUF,5.4,0.0,45.0,0.0,60.0,20,18,100
Nybygger.no (Spareba...,5.51,0.0,0.0,0.0,75.0,30,18,100
Etnedal Sparebank,7.9,2000.0,0.0,750.0,85.0,1,18,100
SpareBank 1 Nord-Nor...,5.41,1950.0,65.0,1300.0,50.0,30,18,100
NOBL (DNB),4.79,0.0,65.0,0.0,75.0,30,18,100
SpareBank 1 Sogn og ...,6.19,3500.0,65.0,0.0,75.0,30,18,100
SpareBank 1 Nord-Nor...,5.37,1950.0,65.0,1300.0,90.0,30,18,39
KLP Banken AS,6.95,2000.0,0.0,0,50.0,30,60,95
Skue Sparebank,5.29,3000.0,60.0,0,85.0,30,18,100
NOBL (DNB),4.74,0.0,65.0,0.0,75.0,30,18,100
KLP Banken AS,7.1,2750.0,0.0,0,50.0,30,60,95
Skue Sparebank,5.29,3000.0,60.0,0,85.0,30,18,100
NOBL (DNB),4.84,0.0,65.0,0.0,75.0,30,18,100
KLP Banken AS,7.05,4000.0,35.0,0.0,75.0,1,18,100
Skue Sparebank,5.29,3000.0,60.0,0,80.0,30,18,100
BONORD (DNB),4.84,0.0,65.0,0.0,75.0,30,18,100
Aurskog Sparebank,5.85,3000.0,75.0,3000.0,60.0,10,18,100
Handelsbanken AB NUF,8.4,4000.0,45.0,0,75.0,2,18,100
KLP Banken AS,7.45,4750.0,55.0,0.0,75.0,1,18,100
Skue Sparebank,6.05,3000.0,60.0,0.0,60.0,30,18,100
BONORD (DNB),4.79,0.0,65.0,0.0,75.0,30,18,100
Valle Sparebank,5.3,0,65.0,1000.0,75.0,30,18,100
DNB Bank ASA,4.79,2190.0,65.0,1000.0,75.0,30,18,100
Handelsbanken AB NUF,5.2,0.0,45.0,0.0,85.0,25,18,33
Skue Sparebank,5.29,3000.0,60.0,0,80.0,30,18,100
BONORD (DNB),4.74,0.0,65.0,0.0,75.0,30,18,100
DNB Bank ASA,4.74,2190.0,65.0,1000.0,75.0,30,18,100
Handelsbanken AB NUF,5.4,0.0,45.0,0.0,85.0,25,34,100
DNB Bank ASA,4.84,2190.0,65.0,1000.0,75.0,30,18,100
Handelsbanken AB NUF,5.25,0.0,45.0,0.0,60.0,25,18,100
DNB Bank ASA,5.49,2190.0,65.0,1000.0,90.0,30,18,33
Skagerrak Sparebank,5.3,0.0,60.0,0.0,90.0,10,18,100
DNB Bank ASA,6.44,2190.0,65.0,1000.0,90.0,30,18,100
Ørskog Sparebank,6.05,3000.0,70.0,1000.0,60.0,30,18,100
Odal Sparebank,6.1,2500.0,70.0,750.0,80.0,25,18,100
SpareBank 1 Nord-Nor...,6.29,4000.0,65.0,1300.0,85.0,30,34,100
JBF Bank og Forsikri...,7.3,3200.0,0.0,1000.0,50.0,30,60,95
Handelsbanken AB NUF,6.75,0.0,45.0,0.0,85.0,1,18,100
Handelsbanken AB NUF,5.4,0.0,45.0,0.0,60.0,30,18,100
Sparebanken Øst,6.29,2990.0,100.0,1250.0,60.0,30,18,100
SpareBank 1 Østlande...,6.04,0.0,60.0,0.0,85.0,25,18,100
Tinn Sparebank,5.45,2500.0,60.0,1000.0,90.0,30,18,33
SpareBank 1 Nord-Nor...,5.29,4000.0,65.0,1300.0,85.0,30,18,100
Tinn Sparebank,5.35,2500.0,60.0,1000.0,90.0,30,18,33
Tinn Sparebank,5.35,2500.0,60.0,1000.0,90.0,25,18,100
SpareBank 1 Nord-Nor...,5.29,4000.0,75.0,1300.0,60.0,30,18,100
Sbanken (DNB Bank AS...,4.74,0.0,0.0,0.0,75.0,30,21,100
Odal Sparebank,6.2,2500.0,70.0,750.0,75.0,30,18,100
SpareBank 1 Østlande...,5.84,0.0,60.0,0.0,75.0,25,18,100
Sparebanken Sør,5.8,2500.0,65.0,1000.0,85.0,30,18,100
NOBL (DNB),5.48,0.0,65.0,0.0,90.0,30,18,33
Sparebanken Sør,5.95,2500.0,65.0,1000.0,85.0,25,18,33
NOBL (DNB),5.49,0.0,65.0,0.0,90.0,30,18,100
Sparebanken Sør,6.4,2500.0,65.0,1000.0,60.0,30,18,100
SpareBank 1 Ringerik...,5.33,2000.0,50.0,1000.0,90.0,30,18,100
NOBL (DNB),5.93,0.0,65.0,0.0,90.0,30,18,100
Lillesands Sparebank,5.94,0,60.0,1000.0,85.0,30,18,33
SpareBank 1 Ringerik...,5.33,2000.0,50.0,1000.0,90.0,10,18,100
NOBL (DNB),5.48,0.0,65.0,0.0,90.0,30,18,33
Sparebanken Sør,6.35,2500.0,65.0,1000.0,75.0,30,18,100
Grong Sparebank,6.7,0,65.0,1200.0,75.0,30,18,100
SpareBank 1 Ringerik...,5.54,2000.0,50.0,1000.0,90.0,30,18,33
Norsk Sykepleierforb...,5.64,0.0,65.0,0.0,90.0,30,18,100
Lillesands Sparebank,6.55,0,70.0,1000.0,60.0,25,18,100
SpareBank 1 Ringerik...,5.54,2000.0,50.0,1000.0,90.0,30,18,100
Norsk Sykepleierforb...,5.44,0.0,65.0,0.0,90.0,30,18,33
SpareBank 1 Sogn og ...,5.79,3500.0,70.0,0,60.0,30,18,100
Lillesands Sparebank,7.45,0,60.0,1000.0,85.0,30,34,100
KLP Banken AS,5.35,2000.0,35.0,0.0,90.0,30,18,34
Lillesands Sparebank,6.04,0,70.0,1000.0,60.0,10,18,100
Rogaland Sparebank,5.49,0,75.0,0.0,55.0,30,18,100
Sparebanken Øst,5.14,2990.0,75.0,1250.0,75.0,30,18,100
Sparebanken Øst,5.05,3250.0,75.0,1250.0,75.0,30,18,100
KLP Banken AS,5.45,2000.0,35.0,0.0,90.0,30,18,34
SpareBank 1 Lom og S...,5.4,2950.0,50.0,0.0,85.0,30,18,33
KLP Banken AS,5.3,2000.0,35.0,0.0,90.0,30,18,34
Grue Sparebank,5.75,3000.0,50.0,0.0,85.0,30,18,33
Rogaland Sparebank,6.49,0,75.0,0.0,85.0,30,18,100
Sparebanken Øst,5.19,2990.0,75.0,1250.0,75.0,30,18,100
DNB Bank ASA,5.49,0.0,65.0,0.0,90.0,10,18,100
Rogaland Sparebank,6.19,0,75.0,0.0,75.0,30,18,100
Lillesands Sparebank,7.7,0,70.0,1000.0,60.0,30,18,100
SpareBank 1 Sogn og ...,5.49,3500.0,65.0,0,50.0,30,18,100
DNB Bank ASA,5.49,2190.0,65.0,1000.0,90.0,30,18,34
Lillesands Sparebank,5.39,0,60.0,1000.0,85.0,30,18,33
SpareBank 1 Sogn og ...,5.65,3500.0,65.0,0,75.0,30,18,100
DNB Bank ASA,5.49,2190.0,65.0,1000.0,90.0,30,18,33
Oppdalsbanken,7.95,5000.0,55.0,1200.0,85.0,2,18,100
DNB Bank ASA,5.49,2190.0,65.0,1000.0,90.0,30,18,100
Lillesands Sparebank,5.79,0,60.0,1000.0,85.0,30,18,100
Ørskog Sparebank,6.2,3000.0,70.0,1000.0,90.0,30,18,100
SpareBank 1 Sogn og ...,5.99,3500.0,65.0,0.0,50.0,30,18,100
SpareBank 1 Lom og S...,8.45,5000.0,0.0,0,70.0,1,18,100
Spareskillingsbanken,6.15,2500.0,65.0,1000.0,85.0,30,18,100
SpareBank 1 Gudbrand...,9.35,3000.0,50.0,800.0,85.0,1,18,100
SpareBank 1 Lom og S...,5.29,2500.0,50.0,0,90.0,30,18,33
Rogaland Sparebank,5.49,0,75.0,0,90.0,30,18,33
Rogaland Sparebank,5.99,0,90.0,0.0,60.0,30,18,100
Grong Sparebank,8.0,0,0.0,0.0,85.0,2,18,100
SpareBank 1 Lom og S...,6.3,2950.0,50.0,0.0,75.0,30,18,100
Rogaland Sparebank,8.99,5000.0,0.0,0.0,75.0,2,18,100
Spareskillingsbanken,6.05,2500.0,65.0,1000.0,75.0,30,18,100
Rogaland Sparebank,5.69,0,75.0,0,75.0,30,18,100
Grong Sparebank,7.39,0,0.0,1200.0,50.0,30,60,100
SpareBank 1 Nord-Nor...,5.27,1950.0,75.0,1300.0,60.0,30,18,100
SpareBank 1 Nord-Nor...,5.27,1950.0,65.0,1300.0,85.0,30,18,100
SpareBank 1 Nord-Nor...,5.37,1950.0,65.0,1300.0,90.0,30,18,100
Grong Sparebank,6.4,0,0.0,1200.0,60.0,30,18,100
Rogaland Sparebank,5.69,0,75.0,0.0,90.0,30,18,33
Storebrand Bank ASA,5.09,2190.0,50.0,950.0,70.0,40,18,100
Skagerrak Sparebank,5.45,0.0,60.0,0.0,90.0,25,18,100
Høland og Setskog Sp...,5.2,3500.0,75.0,0.0,90.0,30,18,34
SpareBank 1 Sør-Norg...,6.19,3200.0,60.0,0,90.0,30,18,100
Sparebanken Narvik,6.15,2000.0,50.0,500.0,60.0,30,18,100
SpareBank 1 Sør-Norg...,5.49,3200.0,60.0,0,90.0,30,18,100
Spareskillingsbanken,7.65,2500.0,65.0,1000.0,85.0,2,18,100
Romerike Sparebank,5.38,3500.0,70.0,0.0,90.0,30,18,
Spareskillingsbanken,5.8,2500.0,65.0,1000.0,90.0,30,34,100
SpareBank 1 Nordmøre,5.44,3000.0,75.0,1200.0,90.0,25,18,33
Spareskillingsbanken,6.2,2500.0,65.0,1000.0,60.0,30,18,100
Romerike Sparebank,6.0,3500.0,70.0,0.0,85.0,30,18,100
SpareBank 1 Nordmøre,5.94,3000.0,75.0,1200.0,75.0,25,35,100
Etnedal Sparebank,5.7,2000.0,50.0,750.0,60.0,25,18,100
Romerike Sparebank,5.31,0.0,0.0,0.0,60.0,25,18,100
NORDirekte (Skagerra...,5.03,0.0,50.0,0.0,60.0,30,18,100
Stadsbygd Sparebank,6.35,0,75.0,1000.0,60.0,30,18,100
Etnedal Sparebank,5.85,2000.0,50.0,750.0,80.0,25,18,100
Romerike Sparebank,7.55,3500.0,75.0,0,50.0,30,60,95
SpareBank 1 Nordmøre,6.59,3000.0,75.0,1200.0,70.0,25,18,100
NORDirekte (Skagerra...,6.85,1500.0,40.0,0,85.0,1,18,100
SpareBank 1 Lom og S...,5.65,2500.0,60.0,0.0,60.0,25,18,100
SpareBank 1 Nordmøre,7.34,5000.0,0.0,1200.0,85.0,5,18,100
NORDirekte (Skagerra...,5.69,0.0,40.0,0.0,80.0,30,18,100
SpareBank 1 Lom og S...,5.15,2500.0,50.0,0,85.0,30,18,100
SpareBank 1 Nordmøre,5.4,3000.0,75.0,1200.0,90.0,25,18,100
NORDirekte (Skagerra...,5.03,0.0,40.0,0.0,75.0,30,18,100
Sunndal Sparebank,6.25,3500.0,65.0,1000.0,85.0,30,18,100
Penni fra Eika digit...,5.4,3000.0,0.0,0.0,70.0,30,18,100
SpareBank 1 Sogn og ...,4.65,2500.0,65.0,1000.0,90.0,30,18,33
SpareBank 1 Lom og S...,5.7,2500.0,50.0,0.0,75.0,30,34,100
SpareBank 1 Nordmøre,5.69,3000.0,75.0,1200.0,90.0,25,18,100
NORDirekte (Skagerra...,5.21,0.0,50.0,0.0,60.0,30,18,100
Romerike Sparebank,6.9,3500.0,70.0,0.0,90.0,30,18,100
Penni fra Eika digit...,5.6,3000.0,0.0,0,80.0,30,18,100
SpareBank 1 Sogn og ...,4.75,2500.0,65.0,1000.0,90.0,30,18,33
SpareBank 1 Lom og S...,5.6,2500.0,50.0,0,50.0,30,18,100
SpareBank 1 Nordmøre,5.45,3000.0,75.0,1200.0,90.0,25,18,33
NORDirekte (Skagerra...,5.33,0.0,40.0,0.0,75.0,30,18,100
Romerike Sparebank,8.65,5000.0,70.0,0,85.0,1,18,100
SpareBank 1 Sogn og ...,4.8,2500.0,65.0,1000.0,80.0,30,18,100
SpareBank 1 Lom og S...,5.2,2950.0,50.0,0,85.0,30,18,33
SpareBank 1 Nordmøre,5.89,3000.0,75.0,1200.0,60.0,30,18,80
SpareBank 1 Gudbrand...,5.9,0,60.0,800.0,60.0,10,18,100
Penni fra Eika digit...,5.3,3000.0,0.0,0.0,55.0,30,18,100
SpareBank 1 Sogn og ...,4.7,2500.0,65.0,1000.0,90.0,30,18,33
SpareBank 1 Lom og S...,5.29,2500.0,50.0,0.0,85.0,30,18,33
SpareBank 1 Nordmøre,5.79,3000.0,75.0,1200.0,90.0,25,18,33
NORDirekte (Skagerra...,5.21,0.0,50.0,0.0,50.0,30,18,100
Romerike Sparebank,6.8,3500.0,70.0,0.0,75.0,30,18,100
SpareBank 1 Lom og S...,6.19,2950.0,50.0,0.0,70.0,30,18,100
SpareBank 1 Nordmøre,6.59,3000.0,75.0,1200.0,90.0,25,34,100
SpareBank 1 Lom og S...,6.4,2950.0,60.0,0.0,60.0,30,18,100
SpareBank 1 Nordmøre,8.49,5000.0,0.0,0,90.0,2,18,100
SpareBank 1 Lom og S...,5.65,2500.0,60.0,0,60.0,30,18,100
SpareBank 1 Nordmøre,6.49,3000.0,75.0,1200.0,75.0,25,18,100
Sogn Sparebank,6.2,2500.0,75.0,1000.0,60.0,30,18,150
SpareBank 1 Sogn og ...,4.75,2500.0,65.0,1000.0,80.0,30,18,100
Romerike Sparebank,6.6,3500.0,70.0,0.0,50.0,30,18,100
SpareBank 1 Nordmøre,5.89,3000.0,75.0,1200.0,90.0,25,18,33
Sogn Sparebank,8.25,3500.0,65.0,1000.0,85.0,5,18,100
SpareBank 1 Gudbrand...,6.45,0,60.0,800.0,60.0,10,18,100
SpareBank 1 Lom og S...,5.6,2500.0,50.0,0,50.0,30,18,100
"Nordax Bank, en del ...",7.95,0,35.0,0.0,85.0,30,18,80
SpareBank 1 Lom og S...,5.4,2500.0,50.0,0,75.0,30,18,100
SpareBank 1 Sogn og ...,4.75,2500.0,65.0,1000.0,80.0,30,18,100
DNB Bank ASA,5.04,2190.0,65.0,1000.0,75.0,30,18,100
JBF Bank og Forsikri...,6.05,3200.0,80.0,1000.0,60.0,30,18,100
Jæren Sparebank,6.39,0,70.0,0.0,70.0,30,18,100
"NORDEA BANK ABP, FIL...",5.7,0.0,50.0,0.0,90.0,30,18,100
SpareBank 1 Nord-Nor...,5.26,4000.0,65.0,1300.0,90.0,30,18,100
SpareBank 1 Nord-Nor...,5.39,4000.0,65.0,1300.0,90.0,30,18,100
Sparebanken Møre,4.89,2500.0,75.0,1000.0,85.0,30,18,33
Sparebanken Møre,4.99,2500.0,75.0,1000.0,75.0,30,18,100
SpareBank 1 Nord-Nor...,5.49,4000.0,65.0,1300.0,90.0,30,18,39
Sparebanken Øst,5.79,0.0,100.0,1250.0,60.0,30,18,100
Sparebanken Møre,4.89,2500.0,75.0,1000.0,85.0,30,18,33
SpareBank 1 Nord-Nor...,5.49,4000.0,65.0,1300.0,90.0,30,18,100
Strømmen Sparebank,7.35,4000.0,65.0,0,50.0,30,60,95
Sparebanken Møre,4.99,2500.0,75.0,1000.0,85.0,30,18,33
JBF Bank og Forsikri...,5.38,3200.0,65.0,1000.0,90.0,30,18,33
Skagerrak Sparebank,5.45,0,60.0,1000.0,50.0,30,18,100
SpareBank 1 Nordmøre,5.89,3000.0,75.0,1200.0,60.0,30,18,100
"Bluestep Bank, en de...",8.6,0,25.0,0.0,85.0,30,18,80
NORDirekte (Skagerra...,5.13,0.0,40.0,0.0,55.0,30,18,100
Haugesund Sparebank,8.25,0,50.0,1000.0,85.0,1,18,100
Romerike Sparebank,5.38,1500.0,70.0,0.0,85.0,30,18,
Kraft Bank ASA,9.5,0,75.0,0,70.0,30,18,100
SpareBank 1 Nordmøre,5.49,3000.0,75.0,1200.0,90.0,30,18,33
Kraft Bank ASA,8.0,0,75.0,0,85.0,30,18,100
Trøndelag Sparebank,6.45,2000.0,65.0,1000.0,75.0,30,18,100
SpareBank 1 Nordmøre,5.89,3000.0,75.0,1200.0,50.0,25,18,100
